slug,name,brand,releasedAt,score,msrpGbp,plate,discontinued,breathability,toebox-durability,heel-padding-durability,outsole-durability,forefoot-stack,heel-stack,drop,outsole-thickness,outsole-hardness,midsole-softness,midsole-softness-in-cold,difference-in-midsole-softness-in-cold,stiffness,stiffness-in-cold,difference-in-stiffness-in-cold,torsional-rigidity,heel-counter-stiffness,lateral-stability-test,weight,midsole-width-in-the-forefoot,midsole-width-in-the-heel,toebox-width-at-the-widest-part,toebox-width-at-the-big-toe,internal-length,insole-thickness,tongue-padding,lug-depth,secondary-foam-softness,midsole-softness-in-the-forefoot,price,toe-guard-durability,size-rating,toebox-width-widest-part,toebox-width-big-toe,toebox-height,rocker,flexibility-stiffness,forefoot-traction,heel-traction,forefoot-traction-stop,energy-return-heel,energy-return-forefoot,shock-absorption-heel,shock-absorption-forefoot,midsole-softness-22,midsole-softness-in-cold-22,secondary-foam-softness-22,midsole-softness-in-the-forefoot-22,torsional-rigidity-23,insulation,breathability-25,sweat-on-skin,sweat-in-shoe,sweat-evaporated,drying-potential
adidas-adistar-3,adidas Adistar 3,adidas,2024-01-01,73,130,none,true,5,1,3,0.97,30.2,40.7,10.5,3,75,14.8,18.66,26.5,16.7,20.9,25.1,4,4,,274,113.4,91.9,98.6,78.2,274.8,4.8,12.3,,,,130,,3.1,95,72.6,26.5,,12.3,0.4,,,54,55.13,135.68889250726,132.26813396117,34.5,,,,,,,,,,
adidas-adistar-4,adidas Adistar 4,adidas,2026-01-01,76,140,none,false,2,3,1,0.71,29.9,40,10.1,2.4,,,,21.9,,,,4,5,,275,115,89.6,,,275.9,4.2,4.3,,,,140,,3.17,95.4,73.8,27.8,,17.4,0.57,,,51.9,55.9,131.76966662274,130.3271210739,33.8,41.2,,,15.8,,,,,,
adidas-adistar-byd,adidas Adistar BYD,adidas,2026-01-01,71,180,carbon,false,2,1,1,0.74,31.9,38.7,6.8,2.4,,,,9.6,,,,4,5,,278,115,89.1,,,273.3,4.2,6,,,,180,,2.5,97.1,73.9,26.6,,15.5,0.68,,,59.9,67.2,131.1647429171,128.68356710848,33.5,36.7,43.3,,14.4,,,,,,
adidas-adizero-adios-8,adidas Adizero Adios 8,adidas,2023-06-01,77,130,none,true,5,1,2,0.65,20.4,28,7.6,2.4,85.1,16.5,17.1,3.8,17.5,20,14.1,2,1,,210,114,81.6,101.5,80.9,266.9,3,2,,18.9,,130,,3.15,,,,,8.8,0.55,,,61.24,74.57,126.21959685461,78.974593873151,,,,,,,,,,,
adidas-adizero-adios-9,adidas Adizero Adios 9,adidas,2025-01-01,85,140,plated-other,false,2,1,4,0.56,18.8,25,6.2,1,51,16,19,18.8,,,,2,1,,176,110.8,72.5,,,,2.6,2.6,,,,140,,2.49,94.3,70.6,27.5,,5.2,0.55,,,76.2,77.34,118.91879035806,68.341488750991,37.6,,,,,,,,,,
adidas-adizero-adios-pro-3,adidas Adizero Adios Pro 3,adidas,2022-06-01,92,250,carbon,true,5,1,5,0.26,29.8,37.8,8,1.4,55.5,20.9,22.8,9,45.6,56.9,24.7,5,1,,218,119.4,84,96.9,76.8,264.2,2.7,0.9,,,,250,,3.02,95.5,77.8,28.3,,25.3,0.59,,,75,75.09,136.3177840181,120.13166430408,37.6,,,,,,,,,,
adidas-adizero-adios-pro-4,adidas Adizero Adios Pro 4,adidas,2025-01-01,93,250,carbon,false,2,1,5,0.8,28.5,36.6,8.1,1,41,11,11.8,6.8,31.9,38.8,21.8,4,1,,200,118.8,80.4,,,,1.9,5.6,,,,250,,2.37,93.2,69.5,28.3,,22.7,0.55,,,80.38,80.29,141.70327334561,116.70245541966,29.3,,,,,,,,,,
adidas-adizero-adios-pro-evo-2,adidas Adizero Adios Pro Evo 2,adidas,2025-01-01,84,500,carbon,true,5,1,5,16.3,30.6,38.4,7.8,0.5,,22.1,23.38,5.6,,,,5,1,,139,114,80.1,,,,,0.4,,,,500,,,89.5,68,23.4,,27.1,0.64,,,73.5,74.4,150.24038461538,133.5648457326,36.5,,36.5,,15.1,,67,7,28,65,62
adidas-adizero-adios-pro-evo-3,adidas Adizero Adios Pro Evo 3,adidas,2026-01-01,91,500,carbon,false,3,1,3,6.3,32.2,38.1,5.9,1,,,,1.4,,,,,1,,99,114.5,83.7,,,263.4,,1.8,,,,500,,2.79,89.3,65.9,29.9,,15.6,0.57,,,76.8,80.2,153.09246785058,141.56285390713,21,21.3,,,8.3,,75,6,26,68,65
adidas-adizero-boston-12,adidas Adizero Boston 12,adidas,2023-06-01,86,160,none,true,5,1,3,0.7,28.4,34.5,6.1,2.8,79.8,24,30,25,26.7,33.3,24.6,4,1,,261,118.2,86,101.9,78.2,269.4,3.8,2.9,,18.5,,160,,3.55,99.2,73.2,25.8,,17.3,0.57,,,63.47,67.15,128.31040854034,107.28117322691,38.3,,29.2,,,,,,,,
adidas-adizero-boston-13,adidas Adizero Boston 13,adidas,2025-01-01,88,160,carbon,false,4,2,4,0.5,28.3,34.3,6,2.3,76.8,23,30,30.4,,,,5,4,,254,121,83.8,,,,3.3,2.9,,14.5,,160,,2.88,97.3,70.6,28.3,,15.4,0.47,,,63.42,69.73,126.59189305517,107.73075928639,40.5,,31.8,,,,,,,,
adidas-adizero-evo-sl,adidas Adizero EVO SL,adidas,2024-01-01,94,150,plated-other,false,5,1,5,0.55,28.1,36.1,8,1.6,57.1,21.3,24,12.9,19.2,21.3,11,4,3,,223,116.3,87.3,98.7,78.3,272.6,2.4,1.5,,,,150,,2.85,97.5,71.6,28.1,,9.8,0.4,,,74.3,73.54,146.95077149155,125.8558195731,43.5,,,,,,76,,,,43
adidas-adizero-evo-sl-atr,adidas Adizero EVO SL ATR,adidas,2026-01-01,87,160,plated-other,false,1,2,5,0.7,31.1,39.2,8.1,3.5,,21.5,21.5,0,,,,5,3,,264,116.4,84.7,,,272.1,3.1,1.7,,,,160,,3.16,97.7,72.8,27.4,,14.6,0.65,,,71.1,71.8,149.38751120406,132.34515616728,38.3,38.3,,,14.3,,52,10,58,32,29
adidas-adizero-prime-x-2-strung,adidas Adizero Prime X 2 Strung,adidas,2024-01-01,82,300,carbon,true,4,5,5,0.35,36.9,45.7,8.8,1.5,60.4,24.3,27.38,12.9,76.6,83.3,8.8,5,1,,305,115.2,81.6,96,76.1,,2.8,1,,14.9,,300,,2.52,93.7,69,26.1,,37,0.68,,,72.5,74.4,147.97277300977,127.37230925997,41.6,,27.9,,,,,,,,
adidas-adizero-prime-x-3-strung,adidas Adizero Prime X3 STRUNG,adidas,2025-01-01,87,300,carbon,false,4,5,4,1.9,35.1,48.1,13,1.8,56.2,19.5,21.7,11.3,,,,5,1,,291,124.3,84.6,,,,2.7,1.6,,14,,300,,3.03,97.8,73.2,25.4,,38.5,0.56,,,73.71,76.69,159.74440894569,125.03907471085,36.1,,28.2,,22.5,,,,,,
adidas-adizero-sl,adidas Adizero SL,adidas,2022-12-01,74,120,none,true,5,3,5,0.71,26.3,34.9,8.6,3.5,88.4,22.1,28,26.7,22.3,30.4,36.1,4,3,,249,115.6,81,102.4,79.1,269.8,3.7,4.1,,26.8,,120,,2.52,,,,,18.3,0.42,,,48.71,64.75,117.99827722515,99.106063308953,36.5,,43.3,,,,,,,,
adidas-adizero-sl2,adidas Adizero SL2,adidas,2024-06-01,85,130,none,false,5,1,5,1.07,26.7,34.9,8.2,3.6,79.8,20.1,21.1,5,22.8,27.1,18.9,3,2,,245,113,82.4,101.8,77.6,268,3.4,12.7,,19.5,,130,,2.26,98.3,71.7,26.2,,12.7,0.69,,,56.11,64.34,136.07293509321,106.66666666667,36.8,,35.6,,,,,,,,
adidas-adizero-takumi-sen-10,adidas Adizero Takumi Sen 10,adidas,2024-01-01,80,180,none,true,5,1,4,1.94,22.8,30.6,7.8,1.8,52.1,13.4,15.75,17.7,29.9,37.7,26,4,1,,200,110.3,75.8,96.6,75.2,269.4,3.4,4,,20.4,,180,,2.21,,,,,16.2,0.5,,,71.81,73.43,131.11486973738,89.473448754082,30,,38.5,,,,,,,,
adidas-adizero-takumi-sen-11,adidas Adizero Takumi Sen 11,adidas,2026-01-01,86,180,plated-other,false,2,4,4,1.06,23.7,30.6,6.9,1.1,,16.6,17.4,4.8,,,,4,1,,184,112.5,72.6,,,268.5,2.2,5.5,,16.5,,180,,3.13,93.4,71.4,27.3,,16.4,0.7,,,74,79.5,128.66700977869,94.966761633428,28.9,,28.5,,9.9,,,,,,
adidas-alpha-bounce,adidas Alphabounce+,adidas,2023-01-01,58,100,none,false,3,1,1,0.91,26.2,37.7,11.5,4.3,87.8,22.4,26.3,17.2,26.3,38.5,46,4,3,,340,116.9,103.9,99.5,74.2,271.1,3.4,7.5,,21.8,,100,,3.03,96.6,67.9,25.8,,,,,,,,,,,,,,,,,,,,
adidas-duramo-10,adidas Duramo 10,adidas,2022-01-24,71,70,none,false,,,,,22.9,31.6,8.7,2.3,78,21.8,27,23.9,32,59.2,85,4,1,,292,109.8,87.8,98.3,,,3.7,3.6,,,,70,,2.87,,,,,,,,,,,,,,,,,,,,,,,
adidas-duramo-speed,adidas Duramo Speed,adidas,2024-01-01,68,90,none,true,5,1,2,0.59,26.7,32.7,6,2,86.9,21,25.4,20.9,28.3,33.5,18.4,4,3,,261,114.9,85.2,102.1,77.7,269,4,7,,,,90,,2.78,,,,,18.8,0.47,,,43.72,47.76,110.96931698385,110.55587493919,35.2,,,,,,,,,,
adidas-duramo-speed-2,adidas Duramo Speed 2,adidas,2026-01-01,72,90,none,false,4,2,3,0.7,24.9,33,8.1,2.5,,22.9,28.9,26.2,,,,5,3,,258,118.1,85.9,,,265.4,3.9,2.9,,,,90,,3.43,96.5,74.7,23,,14.8,0.56,,,44.7,49.4,120.93360744951,96.237128284092,45.6,,,,17.4,,,,,,
adidas-fluidflow-20,adidas Fluidflow 2.0,adidas,2023-01-01,58,80,none,false,3,3,4,0.84,18.3,26.4,8.1,4.3,85.4,25.3,30.9,22.3,18.5,27.6,49.6,1,1,,316,109.3,89.6,101.5,78.8,270.2,3.3,4.9,,,,80,,3.55,95.1,73.1,27.9,,,,,,,,,,,,,,,,,,,,
adidas-galaxy-6,adidas Galaxy 6,adidas,2023-01-01,67,60,none,true,2,1,1,1.1,22.9,33.9,11,3,76.4,22.9,31.3,36.6,21.5,36.8,71.3,4,1,,332,120.3,103.7,107.2,81.8,,3.8,3.5,,,,60,,2.78,,,,,17.6,0.24,,,51.88,50.97,111.35857461024,90.671695923401,,,,,,,,,,,
adidas-galaxy-7,adidas Galaxy 7,adidas,2026-01-01,70,60,none,false,2,3,1,2.6,27.3,34.9,7.6,3.2,,,,15,,,,4,3,,309,117.6,97.5,,,274.4,5.2,8.9,,,,60,,3.06,99.1,73.1,27.5,,15.3,0.57,,,49.5,52.76,112.13276519399,101.12245929821,38.1,43.8,,,13,,,,,,
adidas-hyperboost-edge,adidas Hyperboost Edge,adidas,2026-03-05,83,200,none,false,2,3,5,0.6,38.1,44.6,6.5,2,,,,9.2,,,,5,2,,247,117.7,91.6,,,271.1,2.7,6.5,,,,200,,3.1,97.4,71.4,24.8,,19.8,0.89,,,73.6,72.83,153.8698261271,144.75969889983,32.5,35.5,,,14.5,,62,7,42,50,47
adidas-hyperboost-run,adidas Hyperboost Run,adidas,2026-01-01,84,180,none,false,,3,3,0.8,31.8,38.6,6.8,1.8,,,,8.8,,,,,2,,247,117,89.1,,,275.7,2.8,5.5,,,,180,,,96.9,73.6,23.7,,18.5,,,,71.6,72.8,146.73514306676,133.15579227696,38.7,42.1,,,13.7,,54,,,,38
adidas-pureboost-23,adidas Pureboost 23,adidas,2023-01-01,68,140,none,false,5,2,5,0.86,16.1,27.6,11.5,3,75.1,13.5,15.8,17,13.4,15,11.9,1,4,,305,115,92,102.4,80.4,270.9,3.1,4.9,,,,140,,2.67,,,,,7.5,0.28,,,69.52,68.58,108.41518679937,51.98018515342,,,,,,,,,,,
adidas-pureboost-5,adidas Pureboost 5,adidas,2025-01-01,79,130,none,true,4,4,4,1,22,31.2,9.2,3,73,20.9,25.1,20.1,,,,3,3,,254,112.8,94.1,,,,3.4,7.4,,,,130,,2.89,97.1,77.5,23.3,,13,0.61,,,67.67,67.22,124.36109487508,102.21813349688,39.6,,,,,,,,,,
adidas-questar,adidas Questar,adidas,,65,75,none,true,5,,,,22.1,32.6,10.5,3.2,81.7,27.9,34.62,24.2,33,49,48.6,4,3,,310,118.9,96.1,96.6,,,3.3,8,,,,75,,3.1,,,,,,,,,,,,,,,,,,,,,,,
adidas-questar-3,adidas Questar 3,adidas,2025-01-01,73,75,none,false,4,3,4,0.78,25,33.5,8.5,3.5,84,21.3,30,41.2,,,,5,4,,295,114.3,95.7,,,,4.1,4.7,,,,75,,2.79,97.4,72.8,28,,14.2,0.33,,,54.08,56.47,111.45911122505,97.70586626021,38.9,,,,,,,,,,
adidas-racer-tr21,adidas Racer TR21,adidas,2023-01-01,55,75,none,false,3,1,1,1.24,19,31.9,12.9,3.6,80,21,28.3,34.5,13.7,21.9,59.5,3,2,,318,113.9,95,100.4,79.5,272.9,3.4,2.9,,,,75,,3.19,,,,,,,,,,,,,,,,,,,,,,,
adidas-runfalcon,adidas Runfalcon,adidas,,61,60,none,true,1,,,,17.6,26.5,8.9,3.2,81.5,26.5,36.8,38.7,21.3,37.8,77.9,2,3,,264,109.5,89.7,94.4,,,4,4,,,,60,,2.72,,,,,,,,,,,,,,,,,,,,,,,
adidas-runfalcon-3,adidas Runfalcon 3,adidas,2023-01-01,64,65,none,true,3,1,1,0.64,18,31.6,13.6,3,81.9,24.3,30.1,24.2,17.7,26.8,51.8,3,2,,283,114,94.8,100.4,80.4,269.2,3.7,8,,,,65,,2.88,,,,,,,,,,,,,,,,,,,,,,,
adidas-runfalcon-5,adidas Runfalcon 5,adidas,2024-01-01,62,65,none,false,3,1,1,1.49,21.8,31.2,9.4,2.7,81.9,26.1,30.5,16.9,18.4,21.2,15,2,3,,275,109.8,91.7,100.3,77,272,4,9.7,,,,65,,2.79,98.9,71.3,26.6,,12,0.12,,,52.16,52.03,111.87183962053,81.774841152371,40.5,,,,,,,,,,
adidas-solarboost-5,adidas Solarboost 5,adidas,2024-01-01,73,120,none,false,2,3,5,2.51,23.1,32.9,9.8,2,88.6,33.5,34.1,1.9,21.3,22.2,4,3,3,,293,117,98.3,100.2,80.7,280.4,5.7,10.2,,,,120,,3.1,,,,,,,,,71.95,71.48,120.65637065637,94.976683224268,,,,,,,,,,,
adidas-supernova-2,adidas Supernova 2,adidas,2023-01-01,70,100,none,true,5,1,1,5.78,18.2,32.4,14.2,2.9,76.3,29.8,35,17.4,14,22,57.1,3,3,,276,114,97.2,100.4,80.4,270.3,4.5,9,,27,,100,,2.72,,,,,9.4,0.21,,,61.85,54.35,103.43721878006,70.245931004447,,,,,,,,,,,
adidas-supernova-3,adidas Supernova 3,adidas,2024-01-01,70,100,none,false,5,4,4,3.43,18.2,30.7,12.5,2.5,81,27,29.6,9.7,17.6,21.4,21.3,3,3,,274,114.8,98.6,102.3,78.9,267.2,5,10,,24.4,,100,,2.87,,,,,,,,,,,,,,,,,,,,,,,
adidas-supernova-plus,adidas Supernova+,adidas,,68,120,none,false,,,,,21.4,30.7,9.3,3,76.5,25.6,28.3,10.6,28.2,39.7,40.9,3,3,,335,110.3,88.9,100.4,,,4.4,4.1,,,,120,,3.2,,,,,11.8,0.65,,,64,63.77,98.299420033422,78.483079048157,,,,,,,,,,,
adidas-supernova-prima,adidas Supernova Prima,adidas,2024-01-01,84,160,none,true,4,3,1,2.08,27.2,36.1,8.9,2.2,82.8,20,22,10,23,26.2,13.9,4,5,,281,114.6,88,102.3,80.8,272.4,4.2,7.7,,33,,160,,2.99,96.6,74.9,28.1,,12.4,0.43,,,66.99,65.43,128.8859101923,115.18348729526,35.6,,75.2,,,,,,,,
adidas-supernova-prima-2,adidas Supernova Prima 2,adidas,2026-01-15,87,160,none,false,2,4,3,2.1,28.7,36.7,8,2,,,,7.1,,,,4,5,,264,115.3,88.9,,,270.9,4.7,7.2,,,,160,,3.3,98.9,72.7,25.8,,13.7,0.69,,,66.9,69.01,127.38853503185,110.36309458117,33.7,36.1,45.2,,10.8,,,,,,
adidas-supernova-rise,adidas Supernova Rise,adidas,2024-01-01,85,140,none,true,4,3,4,0.73,22.8,32.5,9.7,2.1,76.1,20.1,22.6,12.4,14.9,18.9,26.7,2,5,,278,112.8,86.4,101.3,83.3,269.3,5,9.9,,,,140,,2.52,99,76.5,29.7,,11.2,0.58,,,71.18,70.23,121.28121475265,92.438528378628,35,,50,,,,,,,,
adidas-supernova-rise-2,adidas Supernova Rise 2,adidas,2025-01-01,86,140,none,true,4,3,4,1.1,24,33.5,9.5,2.5,79.2,21,22.2,5.7,17.6,20,13.6,3,4,,257,113.9,86,,,,4.4,9.4,,,,140,,2.93,98.7,77.7,28.4,,7.3,0.38,,,69.47,68.12,126.69774984796,95.742338219384,32.3,,54.6,,,,,,,,
adidas-supernova-rise-3,adidas Supernova Rise 3,adidas,2026-01-01,87,140,none,false,3,4,1,0.81,27.2,35,7.8,2.1,,,,25.9,,,,4,5,,264,116.4,93.3,,,269.1,4.6,6.6,,,,140,,2.66,97.6,74.5,29,,16.6,0.85,,,58.8,62.8,140.09526478005,112.18308279112,28.6,36,,,11.4,,,,,,
adidas-supernova-solution,adidas Supernova Solution,adidas,2024-01-01,83,140,none,true,4,2,1,1.18,23.1,33.1,10,2.4,80.3,20.8,22.5,8.2,16.2,18.1,11.7,3,4,,279,114,88.8,100.5,79.8,271,4.8,11.2,,31,,140,,2.99,,,,,9.4,0.42,,,68.31,68.6,123.10267994534,91.160195812101,34.7,,49.7,,,,,,,,
adidas-supernova-solution-2,adidas Supernova Solution 2,adidas,2026-01-01,84,140,none,true,3,3,3,0.92,22.2,32.4,10.2,2.3,,15.8,16.6,5.4,,,,3,5,,261,114.3,89.2,,,271.2,3.8,7.4,,24.1,,140,,,97.1,77.1,26.6,,7.1,0.52,,,67.6,68.1,127.12941774727,94.688003030016,,,,,8.5,,,,,,
adidas-supernova-solution-3,adidas Supernova Solution 3,adidas,2026-01-01,80,150,none,false,2,3,2,1.3,26.4,34.7,8.3,2.6,,,,24.3,,,,4,5,,281,114.7,91.1,,,270.7,4.5,5,,,,150,,,97.5,75.3,28.7,,15.2,0.72,,,51.9,55.28,131.61358252172,115.0747986191,33.8,42,48.5,,12.6,,,,,,
adidas-ultra-boost,adidas Ultraboost 1.0,adidas,2015-02-01,74,180,none,true,,,,,21.2,33.9,12.7,5.8,83.8,35,37.2,6.2,27.6,35.1,27,,,,301,117.7,98.3,104,,,3.8,5.9,,,,180,,2.78,,,,,,,,,66.91,65.56,122.00775969352,88.911017853332,,,,,,,,,,,
adidas-ultraboost-22,adidas Ultraboost 22,adidas,2021-12-09,73,190,none,true,,,,,21.2,33.9,12.7,5.8,83.8,35,37.2,6.2,27.6,35.1,27,,,,301,117.7,98.3,104,,,3.8,5.9,,,,190,,2.93,,,,,,,,,,,,,,,,,,,,,,,
adidas-ultraboost-5,adidas Ultraboost 5,adidas,2024-01-01,83,180,none,false,5,3,5,0.79,24.6,35.2,10.6,2.8,69.1,17,19.88,16.9,18.7,22.25,19,4,3,,292,115.6,94.3,103,81.8,269.8,3.1,1.2,,,,180,,2.97,98.4,78.6,27.9,,17.3,0.46,,,66.03,69.45,126.48461314681,112.04481792717,38.2,,,,,,,,,,
adidas-ultraboost-5-x,adidas Ultraboost 5X,adidas,2025-01-01,85,180,none,false,3,5,5,0.41,24.2,34.6,10.4,2.6,79.4,16.4,22,33.9,18.5,20.2,9.5,4,3,,266,115.4,94.5,,,,3.1,1.5,,,,180,,3.08,96.2,75.4,23.9,,11.4,0.52,,,66.02,70.13,128.68025530163,109.85389432055,38.1,,,,,,,,,,
adidas-ultraboost-light,adidas Ultraboost Light,adidas,2023-03-03,77,190,none,true,3,4,5,0.71,18.2,30.1,11.9,2.4,76.8,15.5,19.8,27.4,18.6,24.4,31.3,3,3,,305,117,93.7,102.9,81.6,270.5,2.8,1.3,,,,190,,2.29,96.4,76.1,24,,11.3,0.46,,,66.67,72.95,121.7685666622,78.219107363547,,,,,,,,,,,
adidas-ultrabounce,adidas Ultrabounce,adidas,2023-01-01,68,80,none,false,5,2,3,1.14,19,30.3,11.3,3.2,86.6,24.8,34.3,38.3,20.4,32.2,57.8,3,2,,326,114.4,92.2,97.9,78.5,272,3.7,8.5,,,,80,,3,96.2,75.3,27.1,,14.2,0.18,,,51.47,50.52,103.87451958035,66.323992704361,,,,,,,,,,,
adidas-ultrarun-5,adidas Ultrarun 5,adidas,2025-01-01,71,80,none,false,3,4,4,1.14,24.8,34.3,9.5,2.8,78.5,23.5,30.5,29.8,,,,3,3,,295,116.4,95.3,,,,5.2,11.5,,,,80,,2.98,97.6,74.7,27.5,,15,0.41,,,51.6,50.43,110.38624145886,87.783210583144,39.5,,,,,,,,,,
allbirds-tree-dasher-2-0,Allbirds Tree Dasher 2,Allbirds,2024-01-01,66,135,none,false,5,5,4,1.96,22.3,31.6,9.3,4.7,80.4,27,33,22.2,19.5,23.5,20.6,2,2,,291,119.8,98.9,103.6,81,265,4.9,2.8,,,,135,,2.62,99.7,79.9,27.4,,,,,,,,,,,,,,,,,,,,
allbirds-tree-flyer-2,Allbirds Tree Flyer 2,Allbirds,2024-01-01,64,160,none,false,4,5,2,0.7,24,32.1,8.1,5,82.9,22,24.5,11.4,24.1,26.1,8.2,4,3,,293,116,88.8,100.5,77.6,273,3.8,3.4,,,,160,,2.67,95.7,71.6,24.8,,,,,,,,,,,,,,,,,,,,
allswifit-active-5-k,ALLSWIFIT Active5K,ALLSWIFIT,2026-01-01,80,80,none,false,3,1,4,1.17,30.7,40.5,9.8,3.2,,,,27.9,,,,3,3,,292,120.3,91.6,,,268.3,5.6,4.5,,,,80,,,94.4,73.3,26.3,,17.7,0.65,,,63.1,63.77,141.48273910583,120.80212611742,34,43.5,,,13.6,,,,,,
altra-escalante-3,Altra Escalante 3,Altra,,74,140,none,true,4,,,,24.8,25,0.2,3.6,80,23.8,31.3,31.5,25.7,54.3,111.1,2,1,,269,111.5,82.8,98.8,,,4.5,5.9,,,,140,,2.89,,,,,,,,,,,,,,,,,,,,,,,
altra-escalante-4,Altra Escalante 4,Altra,2024-01-01,82,130,none,false,3,4,4,0.34,22.4,23.8,1.4,4.6,86.2,27.8,36.3,30.6,16,20.2,26.4,1,2,,237,118.3,82.5,103.6,90.8,270.2,5.5,1.5,,,,130,,2.73,101,82.4,25.4,,8.2,0.58,,,58.48,62.59,101.08872557444,83.159391605891,39.9,,,,,,,,,,
altra-escalante-racer,Altra Escalante Racer,Altra,2018-09-01,71,140,none,true,5,4,4,1.05,18.5,19,0.5,2.4,75.6,30.8,36.9,19.9,10.9,13.8,26.4,1,2,,208,113.3,78.6,101.9,92.5,271.2,5.7,3.1,,,,140,,2.72,,,,,,,,,,,,,,,,,,,,,,,
altra-escalante-racer-2,Altra Escalante Racer 2,Altra,2024-01-01,78,140,none,false,5,4,2,0.31,21.4,22.5,1.1,4.6,86.1,28.3,37,31,15,20.2,34.3,1,2,,224,118.4,83.3,104.2,92,270,5.4,1.5,,,,140,,2.97,102.4,83.3,34.1,,,,,,,,,,,,,,,,,,,,
altra-experience-flow,Altra Experience Flow,Altra,2024-01-01,80,140,none,true,4,5,4,1.17,26.6,30.7,4.1,2.5,78.8,19.1,23.63,23.5,20.6,28.9,40.3,3,3,,235,118.4,93.2,101,87.6,266.2,4.7,9.3,,,,140,,2.69,98.5,80.6,29,,13.5,0.53,,,46.15,49.35,117.07819652746,102.51363431336,,,,,,,,,,,
altra-experience-flow-2,Altra Experience Flow 2,Altra,2025-01-01,87,140,none,true,3,2,4,1.7,25.9,30.3,4.4,3.1,,14.1,19.5,38.3,,,,3,3,,235,112.2,87.2,,,,4.4,10.3,,,,140,,2.43,99.1,82.6,24.6,,10,0.55,,,60.3,68.1,126.69453946535,103.34849111203,30.9,,,,11.2,,,,,,
altra-experience-flow-3,Altra Experience Flow 3,Altra,2026-01-01,75,145,none,false,2,4,3,1.3,25.8,31,5.2,3.9,,,,27.5,,,,,2,,241,118.1,94.1,,,268.8,5.4,6.4,,,,145,,3.07,99.3,79.3,26,,8.6,0.7,,,46,52.8,126.66244458518,110.05943209333,30.6,39,,,9.2,,,,,,
altra-experience-form,Altra Experience Form,Altra,2024-01-01,79,145,none,false,4,3,2,1.24,25.9,29.9,4,3,80,20.1,29.1,44.8,21.5,24.5,14,3,3,,261,118.3,93.1,99.7,86.4,269.5,4.5,11,,,,145,,2.47,97.3,80.9,27.1,,,,,,,,,,,,,,,,,,,,
altra-fwd-via,Altra FWD VIA,Altra,2025-01-01,76,160,none,true,3,3,2,1.6,29.4,35.9,6.5,3.1,,22.5,29.3,30,,,,4,3,,254,118,95.9,,,,5,9,,,,160,,2.66,100,84.5,29.1,,14.5,0.48,,,48.6,52,121.63970319912,113.40440009072,44.3,,,,15.4,,,,,,
altra-fwd-via-2,Altra FWD VIA 2,Altra,2026-01-01,83,165,none,false,2,3,2,0.7,28.8,36.7,7.9,4,,,,16.2,,,,3,3,,272,113.2,92.6,,,268,4.8,10.4,,,,165,,3.17,101.4,82.4,26.4,,13.1,0.73,,,51.5,57,138.77324451846,112.98158400181,27.8,32.3,,,12.5,,,,,,
altra-paradigm-7,Altra Paradigm 7,Altra,2023-01-01,78,170,none,true,5,3,2,0.45,27.5,27.6,0.1,2.7,83.6,19.4,29.8,53.8,21.7,36.1,66.7,3,2,,264,113.8,92,99.1,86.7,268.6,4.4,5.6,,,,170,,2.91,99.8,81.7,29.9,,12.5,0.55,,,43,43.57,106.26992561105,106.46679300726,,,,,,,,,,,
altra-paradigm-8,Altra Paradigm 8,Altra,2025-01-01,79,170,none,false,3,4,4,0.9,27.3,29.4,2.1,4.4,,17.5,21,20,,,,3,2,,278,113.2,90.2,,,,5,9.9,,,,170,,2.69,95.8,82.3,26.2,,15.1,0.5,,,47.5,50.2,116.2250116225,108.67202782004,,,,,12.4,,,,,,
altra-provision-8,Altra Provision 8,Altra,2024-01-01,74,140,none,false,4,3,2,0.81,25.8,26,0.2,3,79.8,20.3,27.1,33.9,22.7,27.2,19.8,3,2,,273,117.9,91.1,99.8,88.2,,4.8,8.3,,,,140,,3.23,,,,,,,,,,,,,,,,,,,,,,,
altra-rivera-4,Altra Rivera 4,Altra,2024-01-01,78,130,none,false,3,3,1,0.72,28,28.4,0.4,3.1,80.3,19.8,25.1,27.2,18.7,25,33.6,2,2,,235,105,83.4,96.5,85.7,267.5,4.7,9,,,,130,,2.53,,,,,,,,,,,,,,,,,,,,,,,
altra-torin-7,Altra Torin 7,Altra,2023-01-01,83,150,none,true,5,3,3,1.14,28.4,27.6,-0.8,3.1,74.5,16.8,24.9,48.5,20.4,29.3,43.7,3,3,,255,116,81.6,103.3,90.4,273.5,4.7,6.3,,,,150,,2.89,101.1,83.6,23,,14.1,0.64,,,47.8,51.1,110.29006286534,112.61388078695,,,,,,,,,,,
altra-torin-8,Altra Torin 8,Altra,2025-01-01,80,150,none,false,3,4,4,0.8,27.7,27.6,-0.1,2.5,82,21,27.6,31.4,,,,3,4,,275,117.7,81.6,,,,5,10.9,,,,150,,2.9,95.3,83.6,26.8,,14,0.55,,,58.22,61.67,109.91909954274,109.24663520364,36.6,,,,,,,,,,
altra-vanish-carbon,Altra Vanish Carbon,Altra,2024-01-01,75,240,carbon,true,5,1,5,3.21,28.3,33.7,5.4,3.7,85,29.4,32.5,10.6,45,63.6,41.6,5,1,,221,108.8,86,97.1,84.2,265.8,5,1.7,,34.3,,240,,2.35,,,,,,,,,,,,,,,,,,,,,,,
altra-vanish-carbon-2,Altra Vanish Carbon 2,Altra,2024-01-01,79,260,carbon,false,5,1,5,1.53,29.4,33.1,3.7,2.4,60.8,22.8,25.5,12.1,27.8,33.1,19.4,5,1,,210,104.8,84.8,96.2,86.1,265.2,3.7,4.2,,9.9,,260,,2.15,94.4,80.9,29.8,,,,,,,,,,,,,,,,,,,,
altra-via-olympus,Altra VIA Olympus,Altra,,72,170,none,true,4,,1,,32.6,34.2,1.6,3.3,90.8,25.6,38.4,49.8,72.1,84.6,17.3,5,2,,299,114.9,93.9,101.4,,,4.7,7.5,,,,170,,2.64,,,,,,,,,,,,,,,,,,,,,,,
altra-via-olympus-2,Altra VIA Olympus 2,Altra,2024-01-01,80,165,none,false,2,5,4,0.58,35,34.8,-0.2,3,73.3,14.5,17.4,19.9,41.3,46.3,12.1,4,3,,295,115.2,95.3,104.4,91.1,268.2,5,6.1,,,,165,,3.05,100.3,81.7,29.2,,,,,,,,,,,,,,,,,,,,
anta-mach-6-pro,ANTA Mach 6 Pro,ANTA,2026-01-04,90,120,plated-other,false,5,4,5,1,29.8,32.9,3.1,1.5,,,,8.7,,,,,2,,201,108.8,85.3,,,271,3.7,0.7,,,,120,,,95.8,73.7,26.2,,14.4,0.87,,,72.6,78.5,141.58289678607,127.25884448969,26.3,28.6,34.5,,13.4,,,,,,
anta-zone-2-90,ANTA Zone 2 90,ANTA,2026-01-01,91,115,none,false,3,1,5,1,32,39.2,7.2,2.4,,,,0.6,,,,,2,,196,112.3,81.2,,,264.6,3.4,0.8,,,,115,,2.83,96.5,75.7,28.9,,15.1,0.57,,,72.4,77.3,159.64240102171,125.91286829514,35.1,35.3,,,13.2,,,,,,
ardiles-runergize,Ardiles Runergize,Ardiles,2026-01-01,81,95,carbon,false,,1,4,0.91,25.1,39.9,14.8,2.2,0,,,19.3,,,,,1,,222,114.2,83.3,,,,3.6,0.5,,,,95,,,93.9,72.8,29.5,,20.8,0.78,,,57.1,63.4,151.6070345664,101.10201193004,33.7,40.2,,,11.4,,84,,,,54
asics-dynablast-4,ASICS Dynablast 4,ASICS,2024-01-01,81,110,none,true,1,4,4,0.64,26.2,32.6,6.4,4.1,83.1,23,26.1,13.6,24,25.8,7.3,3,4,,262,115.4,90.4,97.3,77,277.6,5.8,2.1,,,,110,,2.92,,,,,11.4,0.34,,,48.39,48.64,124.28535918469,100.93669250646,,,,,,,,,,,
asics-dynablast-5,ASICS Dynablast 5,ASICS,2025-01-01,86,120,none,false,4,4,4,0.8,31.8,39.4,7.6,3.6,,20.1,25.5,26.7,,,,4,4,,264,118.4,90.7,,,,5.4,3.9,,,,120,,2.98,94.9,71.1,23.4,,14.5,0.47,,,54,58.8,156.32327653588,127.00025400051,36.6,,,,14.3,,,,,,
asics-gel-contend-8,ASICS Gel Contend 8,ASICS,2022-10-12,70,70,none,true,5,,,,22,31.1,9.1,4.2,83.6,25.6,30.9,20.5,21.3,34.5,61.7,2,4,,260,109.5,91.4,94.3,,,4.8,3.9,,,,70,,2.7,,,,,,,,,,,,,,,,,,,,,,,
asics-gel-contend-9,ASICS Gel Contend 9,ASICS,2024-01-01,74,70,none,false,4,1,5,1.24,23.4,31.2,7.8,4.1,86,21.6,26.9,24.3,16.1,19.8,23,3,4,,275,115.7,93.4,100.3,78.6,272.1,5,6.9,,,,70,,2.73,96.9,74.1,27.1,,10.7,0.41,,,48.32,49.52,110.63660301374,91.407678244973,42.3,,,,,,,,,,
asics-gel-cumulus-25,ASICS Gel Cumulus 25,ASICS,2023-01-01,82,140,none,true,4,3,4,,27.2,38.4,11.2,3.3,76,17.6,24.5,39.2,23.6,39.5,67.5,3,3,,269,121.9,104.3,98.3,74.4,269.2,5.3,6.1,,,,140,,3.03,,,,,14.7,0.39,,,44.18,46.22,132.30488337325,117.37089201878,,,,,,,,,,,
asics-gel-cumulus-26,ASICS Gel Cumulus 26,ASICS,2024-01-01,81,140,none,true,3,4,5,2.42,28.6,36.8,8.2,6,54.9,18.6,23.1,24.2,24.4,33.7,38.1,4,5,,259,120,100,97.1,76.8,272.1,5.1,3.5,,,,140,,2.93,94.6,73.2,29.2,,16.5,0.48,,,47.16,48.28,117.60693410483,106.99764605179,34.6,,51,,,,,,,,
asics-gel-cumulus-27,ASICS Gel Cumulus 27,ASICS,2025-01-01,84,140,none,true,2,5,5,2.8,29.3,40.9,11.6,8.4,46,15.9,22.1,39,,,,5,4,,261,120.2,100.7,,,,5.3,1.7,,27.4,,140,,3.1,93.9,71.1,29.7,,15.1,0.5,,,49.35,49.9,136.44984785842,111.62084630926,34.2,,47.8,,,,,,,,
asics-gel-cumulus-28,ASICS Gel Cumulus 28,ASICS,2026-01-01,86,145,none,false,3,2,5,2.39,29.5,42.8,13.3,5,,,,10.7,,,,,5,,252,120.5,96.5,,,270,5.2,2,,,,145,,2.95,94.5,74.4,29.1,,13.7,0.54,,,50.5,52.5,139.08205841446,109.57703265396,31.9,35.3,54.9,,14.7,,,,,,
asics-gel-excite-10,ASICS Gel Excite 10,ASICS,2023-01-01,75,85,none,true,4,3,5,0.8,23.4,35.2,11.8,2.9,87.5,24.8,28.6,15.7,15,18,20.3,3,3,,268,120.5,91.1,98.3,76.9,274.6,4.7,5.6,,,,85,,2.86,97.6,73.4,25.6,,10.2,0.67,,,50.6,50.08,112.54417358813,87.489829307343,45,,,,,,,,,,
asics-gel-excite-11,ASICS Gel Excite 11,ASICS,2025-01-01,76,90,none,false,2,1,5,0.86,27.4,38.2,10.8,2.8,,22.9,26.1,14,,,,4,5,,286,117.5,100.2,,,274.3,4.8,6.3,,,,90,,2.49,96.5,71.2,26.8,,17.3,0.71,,,49.2,49.1,123.15270935961,103.9501039501,40.5,,,,17,,,,,,
asics-gel-excite-9,ASICS Gel Excite 9,ASICS,,63,75,none,true,5,,,,22.7,31.7,9,4.3,75.6,29,34,17.2,24.3,38.2,57.4,2,2,,275,113.3,89.4,92.5,,,4.5,9,,,,75,,2.56,,,,,,,,,,,,,,,,,,,,,,,
asics-gel-kayano-29,ASICS Gel Kayano 29,ASICS,2022-08-01,79,160,none,true,3,,,,24.5,33.1,8.6,4.1,83.5,21,28.5,35.7,28.8,39,35.4,3,4,,303,111.3,90.4,96.9,,,5.5,9.7,,,,160,,2.48,,,,,10.9,0.32,,,49.56,51.71,111.95826195994,97.679143549269,,,,,,,,,,,
asics-gel-kayano-30,ASICS Gel Kayano 30,ASICS,2023-01-01,82,160,none,true,5,4,1,0.88,27.7,39.7,12,4.3,80.4,16.4,24.1,47.3,25,30.1,20.4,4,4,,303,124.3,105.4,99.8,78.6,270.4,5.5,7.7,,,,160,,2.52,,,,,16.1,0.53,,,49.06,50.39,126.03665145824,113.41211695057,,,,,,,,,,,
asics-gel-kayano-31,ASICS Gel Kayano 31,ASICS,2024-01-01,86,165,none,true,4,4,4,1.06,27.8,39.3,11.5,4,88.3,15.6,19.6,25.6,24.9,33.5,34.8,4,4,,295,122.1,97.6,102.3,79.7,275,4.7,8.3,,,,165,,3,98.9,74.8,27.2,,15.8,0.83,,,49.22,50.34,130.81300281248,109.60705869458,35.3,,,,,,,,,,
asics-gel-kayano-32,ASICS Gel Kayano 32,ASICS,2025-01-01,86,165,none,true,4,4,4,0.73,30.6,39.9,9.3,4.5,71.5,22,25.8,17.3,,,,5,5,,295,119.8,97.2,,,,4.9,2.5,,,,165,,3.03,96.6,73.9,27.5,,16.9,0.84,,,47.75,49.29,133.3760136577,115.98640639317,41.3,,,,20.2,,72,6,40,54,50
asics-gel-kayano-33,ASICS Gel Kayano 33,ASICS,2026-05-04,86,170,none,false,4,3,4,1.1,28.3,36.8,8.5,4,,,,26.5,,,,,4,,298,120.7,97.1,,,272.8,5.2,4.2,,,,170,,2.88,95.9,72.4,28.6,,19.7,1.13,,,50,56.6,132.13530655391,112.20825852783,32.8,41.5,41.2,,20.1,,69,,,,47
asics-gel-kinsei-max,ASICS Gel Kinsei Max,ASICS,2025-01-01,71,180,none,false,3,3,2,0.6,30.2,38.8,8.6,8.4,82.2,19.1,22.1,15.7,28.7,34.9,21.6,5,5,,322,120,95.9,,,,4.4,2.6,,,,180,,2.99,93.4,73.8,30.3,,14.4,0.33,,,55.98,54.06,119.79921651312,118.33339250003,,,,,,,,,,,
asics-gel-nimbus-25,ASICS Gel Nimbus 25,ASICS,2023-02-03,81,160,none,true,3,,,,30.2,38,7.8,2.9,78.4,18.6,25.4,36.3,35.9,55.5,54.5,4,3,,289,119.4,98.9,95.6,,,5.5,1.9,,,,160,,2.86,,,,,13.2,0.51,,,47.48,50.89,133.32089005026,118.22566915729,,,,,,,,,,,
asics-gel-nimbus-26,ASICS Gel Nimbus 26,ASICS,2024-01-01,81,160,none,true,4,4,4,0.56,32,40.4,8.4,2.3,83.5,18.5,23.5,27,30.2,33.4,10.4,5,3,,303,118.4,101.7,99.2,79.1,275,5,4.1,,,,160,,2.91,98.1,74.2,24.5,,14.8,0.85,,,48.25,49.2,134.6656252525,126.91160606637,39.5,,,,,,,,,,
asics-gel-nimbus-27,ASICS Gel Nimbus 27,ASICS,2025-01-01,85,165,none,true,4,3,5,0.75,34.4,42.7,8.3,3,89.4,21,24.9,18.6,34.6,44.8,29.5,5,4,,299,119.5,99.8,,,,4.7,1.5,,,,165,,2.97,97,73.8,26.4,,20.2,0.84,,,47.73,48.62,136.44053921301,135.6631213371,39.3,,,,,,,,,,
asics-gel-nimbus-28,ASICS Gel Nimbus 28,ASICS,2025-12-01,86,170,none,false,3,3,3,0.96,34.3,39.5,5.2,3.3,,19.5,23.3,19.2,,,,5,4,,278,119,99.1,,,273.5,5.4,1.5,,,,170,,2.95,97.6,72.5,22.7,,23.1,0.76,,,44.2,45.9,136.98630136986,133.06719893546,38.8,,,,20.5,,64,7,42,51,48
asics-gel-pulse-15,ASICS Gel Pulse 15,ASICS,2024-01-01,78,100,none,true,3,3,4,0.82,27.2,35.3,8.1,3.5,89.5,21,26,23.8,21.5,26.9,25,4,5,,237,118.8,97.9,98.8,78.9,273.3,5.2,8.9,,,,100,,2.83,96.2,73.1,27.8,,14.8,0.46,,,44.21,45.25,121.29151201999,106.43166554913,,,,,,,,,,,
asics-gel-pulse-16,ASICS Gel Pulse 16,ASICS,2025-01-01,79,100,none,false,2,2,3,0.81,26.3,36.5,10.2,3.8,,23.1,26.5,14.7,,,,4,4,,241,119.3,97.8,,,270,5,7.9,,,,100,,2.79,95.5,70.4,30.8,,17.6,0.66,,,42.3,45.5,126.80699974639,100.91835704915,40.3,,,,16.1,,,,,,
asics-glideride-max,ASICS Glideride Max,ASICS,2025-01-01,80,170,none,true,3,2,4,0.86,31.4,44.1,12.7,4,80.5,17.8,21,18.3,26.1,28.3,8.4,5,5,,281,113.8,95.7,,,,4.8,6,,19.3,,170,,2.52,95.7,72.9,27.4,,13.3,0.78,,,51.88,51.76,143.06151645207,122.7536089561,34.5,,32.7,,,,,,,,
asics-glideride-max-2,ASICS Glideride Max 2,ASICS,2025-12-01,81,170,plated-other,false,4,2,3,0.63,31.1,42.1,11,3.6,,,,7.3,,,,5,5,,264,115,93.5,,,269.9,4.4,4.4,,,,170,,3.3,96.1,72.6,24.6,,17.5,0.86,,,56.1,58.61,137.34377145996,116.9453865045,32.8,35.2,41.5,,20.3,,,,,,
asics-gt-1000-12,ASICS GT 1000 12,ASICS,2023-01-01,79,100,none,true,5,1,5,0.71,23,30.2,7.2,4.8,74.8,12.8,20.8,62.7,12,14.8,23.8,3,3,,271,114.9,90.8,100.7,79.7,271.1,4.7,10.1,,,,100,,2.95,,,,,10.9,0.37,,,45.78,48.64,114.18914289629,86.334910384363,,,,,,,,,,,
asics-gt-1000-13,ASICS GT 1000 13,ASICS,2024-01-01,80,110,none,true,3,2,4,0.7,25,33.7,8.7,4.1,85.1,22.5,26.63,18.4,14.6,17.5,19.7,4,4,,276,115.6,96.6,99.1,79,271.9,4.9,8.1,,,,110,,2.94,96.9,72.9,26.7,,11.4,0.35,,,47.98,49.76,115.50278361709,96.420857759951,,,,,,,,,,,
asics-gt-1000-14,ASICS GT 1000 14,ASICS,2025-01-01,81,110,none,true,2,3,5,0.67,25.8,35.4,9.6,4.5,,19.4,27,39.2,,,,4,3,,272,113.6,94.8,,,,5.2,8.1,,,,110,,2.52,97.5,74.1,26.2,,12.3,0.5,,,54.36,53.08,121.61751292186,97.127927192906,33.7,,,,13.9,,,,,,
asics-gt-1000-15,ASICS GT 1000 15,ASICS,2026-06-01,83,110,none,false,3,1,4,0.5,25.1,35,9.9,4,,,,25.6,,,,,3,,278,119.4,99.8,,,275.1,4.8,5.7,,,,110,,,96.9,73.3,27.4,,12.6,0.68,,,49.9,49.6,124.50199203187,99.920063948841,33.6,42.2,,,14,,,,,,
asics-gt-2000-11,ASICS GT 2000 11,ASICS,2022-12-01,78,140,none,true,4,,,,24.7,30.7,6,3.9,72.9,29.3,32.3,10.3,24.9,37.5,50.6,3,3,,282,115,92.8,95.6,,,4.8,12.5,,,,140,,2.75,,,,,,,,,,,,,,,,,,,,,,,
asics-gt-2000-12,ASICS GT 2000 12,ASICS,2024-01-01,83,140,none,true,3,3,4,0.36,26.6,36.6,10,4.2,80,25.1,28,11.6,28.7,32.8,14.5,4,4,,275,119.3,96.3,99.8,78.9,273,5.2,4.7,,,,140,,2.93,,,,,16.1,0.32,,,47.85,49.96,119.02353095207,107.7795262012,,,,,,,,,,,
asics-gt-2000-13,ASICS GT 2000 13,ASICS,2024-01-01,87,140,none,true,4,4,5,0.43,27.2,36.6,9.4,4.5,82.1,18.5,23,24.3,24.2,25.6,6,5,4,,264,115.2,102.2,99.2,77.7,274.5,5.1,3.3,,,,140,,2.89,96,73.3,24.6,,15.7,0.47,,,50.57,50.45,119.34455967825,109.85992859105,42.2,,,,,,,,,,
asics-gt-2000-14,ASICS GT 2000 14,ASICS,2025-01-01,87,140,none,false,2,2,4,0.52,28.2,36.9,8.7,4,,17.4,24,38.2,,,,4,4,,269,117.6,97.1,,,,4.7,6.1,,,,140,,2.95,94.5,68.4,24.9,,15,0.47,,,56,57.2,132.38019592269,110.14428901861,36.9,,,,15,,73,6,31,63,60
asics-jolt-4,ASICS Jolt 4,ASICS,2024-01-01,69,60,none,false,5,1,3,0.34,22.2,31.6,9.4,4.1,85,29.8,32,7.6,22.1,27.5,24.5,4,5,,259,116.6,92.8,100.4,79.9,271.6,5.3,8.8,,,,60,,2.89,,,,,11.2,0.33,,,45.22,47,106.05578534309,83.751392366898,,,,,,,,,,,
asics-magic-speed-3,ASICS Magic Speed 3,ASICS,2023-01-01,83,160,carbon,true,4,1,3,0.47,26.5,36.3,9.8,2.4,69.4,18.3,20.3,11,31.4,35.6,13.4,5,2,,211,104.9,85.1,93.2,79.4,262.7,2.9,2.9,,21.1,,160,,2.46,,,,,18.2,0.77,,,56.52,55.13,138.56556922736,107.59745639613,,,,,,,,,,,
asics-magic-speed-4,ASICS Magic Speed 4,ASICS,2024-01-01,84,170,carbon,true,5,4,4,0.89,32.9,42.5,9.6,2.4,71.5,14.9,17.25,15.8,38.5,46.9,21.8,5,1,,237,109.6,87.4,95,78.7,263.3,3.8,1,,18.13,,170,,2.95,93.6,74.3,26.1,,26.5,0.81,,,55.48,61.75,144.38139790069,121.82642171434,31.7,,33.9,,,,,,,,
asics-magic-speed-5,ASICS Magic Speed 5,ASICS,2026-01-01,86,180,carbon,false,5,1,5,0.8,26.6,35.3,8.7,1.9,,11,12.5,0.7,,,,4,3,,201,110.1,78.1,,,259.5,2.5,0.8,,20.5,,180,,2.73,95.1,71.9,25.7,,13.1,0.79,,,64.6,62.6,148.58841010401,112.12019284673,27,27.2,37,,15.9,,79,5,35,60,57
asics-megablast,ASICS Megablast,ASICS,2025-01-01,95,225,none,false,4,1,4,0.9,35.2,45.1,9.9,3,,15.5,17.4,12.3,,,,5,3,,218,117.9,95.4,,,,4.4,0.9,,,,225,,2.9,93.7,74.3,24.2,,18.8,0.8,,,73,73.8,160.15374759769,144.05070584846,30.8,,,,20.7,,,,,,
asics-metaspeed-edge-tokyo,ASICS Metaspeed Edge Tokyo,ASICS,2025-01-01,92,270,carbon,false,5,1,5,0.94,32,38.9,6.9,1.4,,11.5,12.5,8.7,,,,5,1,,159,108,75,,,,3.4,0.6,,19,,270,,2.96,89.4,73,28.1,,15.8,0.74,,,78.3,76.8,146.49868151187,132.46787653994,24.5,,35.9,,14.5,,,,,,
asics-metaspeed-ray,ASICS Metaspeed Ray,ASICS,2025-01-01,90,300,carbon,false,4,1,5,1.2,30,39.8,9.8,0.9,,12.5,12.75,2,,,,3,1,,129,100.8,73,,,,7.6,0.4,,19.75,,300,,3.55,91.3,69.6,27,,16.3,0.7,,,78,81,170.3287344575,119.60291831121,28.6,,37.6,,10.8,,,,,,
asics-metaspeed-sky-paris,ASICS Metaspeed Sky Paris,ASICS,2024-03-01,88,250,carbon,false,5,4,5,0.79,32.6,39.1,6.5,2.09,57.3,21,22.25,6,35.4,37.65,6.4,5,2,,183,114.9,77.8,91.9,76.8,257,3.3,1,,,,250,,2.51,92.3,73.4,30.4,,23.6,0.74,,,73.22,70.69,136.63442094332,120.38619892616,,,,,,,,,,,
asics-metaspeed-sky-plus,ASICS Metaspeed Sky+,ASICS,2022-06-14,85,250,carbon,false,5,,5,,30.8,33.5,2.7,2,65,,,,67,81.2,21.2,4,1,,205,112.6,77.8,92.2,,,3,0.8,,,,250,,2.91,,,,,25.3,0.84,,,70.07,74.37,129.70673307651,102.23067329121,,,,,,,,,,,
asics-metaspeed-sky-tokyo,ASICS Metaspeed Sky Tokyo,ASICS,2025-01-01,92,270,carbon,false,5,1,5,1.39,32.7,38.7,6,1.4,,11.5,13,13,,,,5,1,,163,114.9,75,,,,3.1,0.6,,19.5,,270,,3.02,90.5,70.1,30.6,,21.1,0.66,,,78.5,78.2,147.47087450229,121.9512195122,31.9,,38,,17.9,,,,,,
asics-noosa-tri-14,ASICS Noosa Tri 14,ASICS,2021-05-01,78,130,none,true,4,,,,22.2,30.2,8,4.1,85.5,12,15,25,25,36,44,3,2,,213,110.8,88,96.3,,,4.5,6.7,,,,130,,2.57,,,,,,,,,,,,,,,,,,,,,,,
asics-noosa-tri-15,ASICS Noosa Tri 15,ASICS,2023-01-01,80,130,none,true,5,1,5,0.62,26.9,34.6,7.7,2.8,83.9,18.6,22.5,21,20.8,26.3,26.4,5,3,,218,114.6,82.9,98.8,77.9,268.3,5.3,1.1,,,,130,,2.51,98.8,73.9,29.5,,15.7,0.39,,,46.87,49.79,134.66925231631,113.6841626593,,,,,,,,,,,
asics-noosa-tri-16,ASICS Noosa Tri 16,ASICS,2024-01-01,85,135,none,false,5,1,4,1.02,26.9,32.8,5.9,2.3,70.5,18.3,19.5,6.8,20.7,23.83,15.4,4,3,,217,114.9,88.6,100.2,79.8,268.1,4.4,1.2,,,,135,,2.15,98.6,77.3,31.2,,14.6,0.79,,,53.93,60.89,129.4230321228,118.24244430781,33.6,,,,,,,,,,
asics-novablast-3,ASICS Novablast 3,ASICS,2022-09-01,87,140,none,true,3,,,,30.4,37.2,6.8,3.1,83,13.5,20.5,51.9,30.6,43.3,41.5,4,2,,242,115.9,93.9,95.9,,,4.4,1.3,,,,140,,3.07,,,,,13.6,0.39,,,55.9,59.37,142.93269299487,128.34169693392,,,,,,,,,,,
asics-novablast-4,ASICS Novablast 4,ASICS,2023-01-01,86,140,none,true,3,3,5,0.56,30.2,39.2,9,3.9,79.1,16.9,22.3,31.8,25.6,27,5.5,4,3,,259,122.8,94.7,98.3,77,270.9,4.4,5.8,,,,140,,2.92,,,,,17.8,0.47,,,58.31,60.99,133.59517988591,124.12029739223,36.3,,,,,,,,,,
asics-novablast-5,ASICS Novablast 5,ASICS,2024-01-01,93,150,none,true,3,1,3,0.89,33.5,40.9,7.4,3.3,78,13,18.5,42.3,19.1,21.9,14.7,4,3,,254,122.3,97.6,98.9,79.5,274.6,4.4,5,,,,150,,3.03,97.5,74.4,27.2,,11.2,0.53,,,63.61,66.48,141.35674200981,134.08060926229,30.3,,,,,,,,,,
asics-novablast-6,ASICS Novablast 6,ASICS,2026-07-01,93,155,none,false,,4,4,0.5,32.1,39.2,7.1,2.7,,,,9.1,,,,,3,,249,115.2,93.8,,,274.4,4.5,5.7,,,,155,,3,94.8,71,27.9,,15.5,,,,55.4,69.1,142.95925661187,129.61762799741,35.1,38.3,28.8,,16.7,,80,,,,59
asics-s-4-yogiri,ASICS S4+ Yogiri,ASICS,2025-01-01,74,200,carbon,false,2,3,4,1.43,28.4,36.9,8.5,1.5,,22.9,25.4,10.9,,,,5,2,,235,110.7,77.3,,,,3.1,0.7,,17.8,,200,,3.2,93,70.5,28,,20,0.93,,,60.5,65.2,130.07284079084,108.08473843493,,,,,,,,,,,
asics-sonicblast,ASICS Sonicblast,ASICS,2025-01-01,83,180,plated-other,false,5,1,5,1,36.4,45.4,9,2,,19.9,20.7,4,,,,5,2,,255,115.2,94.1,,,,4.8,0.8,,20,,180,,3.04,92.8,70.1,25.4,,24.4,0.79,,,68.9,68.9,148.54426619132,133.04949441192,37.5,,39.9,,21.5,,,,,,
asics-superblast,ASICS Superblast,ASICS,2023-01-01,89,200,none,true,3,1,2,0.6,34.8,42.7,7.9,2.6,77.1,23.4,26.4,12.8,29.4,34.9,19,5,3,,244,121.8,96.6,97.5,77,269.5,4.2,1.5,,17.1,,200,,3.12,,,,,19.6,0.33,,,65.07,64.28,137.23821809898,133.57733459787,43,,37.9,,,,,,,,
asics-superblast-2,ASICS Superblast 2,ASICS,2024-07-07,91,200,none,true,5,4,4,0.53,34.6,42.8,8.2,3.1,65.8,18.3,19.75,8.2,26.1,29.8,14.2,5,3,,252,118.8,97.6,97.8,76.6,270.4,4.4,1.7,,20.6,,200,,2.89,94.7,72.3,27.7,,18.4,0.83,,,65.4,65.55,129.69495746005,138.49456408836,35.2,,41,,,,,,,,
asics-superblast-3,ASICS Superblast 3,ASICS,2026-03-01,94,200,none,false,3,3,4,0.54,37.7,45.8,8.1,2.4,,,,1.3,,,,5,4,,235,120.7,95,,,273.2,4.2,1.9,,,,200,,3.03,95.7,71.6,25.1,,16.5,0.96,,,67.8,67.47,154.36863229392,153.49194167306,22.8,23.1,37,,18.2,,,,,,
asics-versablast-4,ASICS Versablast 4,ASICS,2025-01-01,80,80,none,false,2,2,2,0.85,26.7,36.1,9.4,3.7,90,22.5,28,24.4,,,,3,3,,288,116.9,95,,,,5.1,5.8,,,,80,,2.89,92.6,69,30.3,,14.7,0.41,,,53.2,53.19,126.79574473481,109.23708817618,41.2,,,,,,,,,,
brooks-addiction-gts-15,Brooks Addiction GTS 15,Brooks,2021-09-05,73,140,none,false,4,3,4,0.58,24.4,36.5,12.1,6,89.4,30.1,34.6,14.9,30.1,33.9,12.5,5,3,,353,113.5,99.9,97.4,75.8,269.5,5.6,7.5,,,,140,,2.62,95.3,71.6,28.8,,,,,,,,,,,,,,,,,,,,
brooks-adrenaline-gts-22,Brooks Adrenaline GTS 22,Brooks,2021-12-01,75,140,none,true,,,,,22.7,37.4,14.7,3.4,87,,,,40.8,43.1,5.6,,,,294,116.3,96.6,102.9,,,,,,,,140,,3.07,,,,,,,,,,,,,,,,,,,,,,,
brooks-adrenaline-gts-23,Brooks Adrenaline GTS 23,Brooks,2023-01-01,81,140,none,true,5,1,5,0.67,21.5,34.1,12.6,3.6,80.5,19.5,27.6,41.7,17.7,22.5,27,4,4,,286,117.3,96.9,99.9,78.7,271.5,4.5,11.7,,,,140,,2.95,,,,,10.4,0.47,,,53.87,57.7,121.5155418378,86.328947822784,,,,,,,,,,,
brooks-adrenaline-gts-24,Brooks Adrenaline GTS 24,Brooks,2025-01-01,85,140,none,true,4,3,4,0.8,25.5,39,13.5,4,83,25.1,31.2,24.3,22.5,26.6,18.2,4,4,,291,114,95,,,,5,9.1,,,,140,,2.49,95.1,73.7,25.4,,10.1,0.48,,,54.57,57.75,120.6098031648,95.987713572663,44.1,,,,,,,,,,
brooks-adrenaline-gts-25,Brooks Adrenaline GTS 25,Brooks,2025-11-03,86,145,none,false,3,3,4,0.5,25.9,36.1,10.2,4.1,,,,10.7,,,,,4,,295,117.7,100.7,,,270.6,4.9,12.5,,,,145,,2.89,96,72.8,26.6,,14.3,0.61,,,52.1,59.2,137.74104683196,100.7962906965,34.5,38.2,,,14.3,,66,7,39,55,51
brooks-beast-gts-24,Brooks Beast GTS 24,Brooks,2024-01-01,71,160,none,false,2,2,3,0.74,25.8,38.5,12.7,4.8,85.5,30.1,35,16.2,26.6,33.9,27.2,4,5,,357,116.8,101.9,99.5,77.9,,6.5,9.6,,,,160,,2.75,,,,,13,0.29,,,52.89,55.04,107.69015388923,96.199170763148,,,,,,,,,,,
brooks-ghost-14,Brooks Ghost 14,Brooks,2021-07-01,77,140,none,true,3,,,,21.4,33.8,12.4,3.9,79.5,,,,19.2,30,56.1,3,4,,287,113.8,94.2,97.7,,265.7,4.1,8.1,,,,140,,2.89,,,,,,,,,,,,,,,,,,,,,,,
brooks-ghost-15,Brooks Ghost 15,Brooks,2022-11-01,81,140,none,true,4,1,2,0.4,23.1,36.3,13.2,3.5,84.4,15.9,24.5,54.4,18.2,25.5,40.5,3,5,,279,112.9,95.8,96.8,77.7,,4.5,11.4,,,,140,,2.69,,,,,9.5,0.48,,,52.5,56.72,127.50385699167,91.385959461188,,,,,,,,,,,
brooks-ghost-16,Brooks Ghost 16,Brooks,2024-01-01,85,140,none,true,4,3,4,0.7,22.7,35.1,12.4,4.1,80.9,21.6,25.13,16.2,13.6,18,32.5,3,5,,266,115,94.7,100,79.4,269.7,5,10.4,,,,140,,2.89,96.1,72.1,26.8,,9.6,0.48,,,56.95,62.68,132.87800470388,91.881362784373,41.5,,,,,,,,,,
brooks-ghost-17,Brooks Ghost 17,Brooks,2025-01-01,83,150,none,true,3,3,4,0.8,25.8,36.2,10.4,4,,17,23.6,38.8,,,,3,5,,289,116.8,95.4,,,,5.7,9,,,,150,,3.01,95.2,69.6,24.8,,10.9,0.55,,,53.8,56.5,139.76240391335,99.780482937537,36.2,,,,12.6,,92,,,,54
brooks-ghost-17-gtx,Brooks Ghost 17 GTX,Brooks,2026-01-01,80,170,none,false,1,3,4,0.48,25,36,11,3.6,,,,24.3,,,,4,5,,309,116.7,95,,,270,4.7,8.8,,,,170,,2.9,97.6,74.4,24.3,,16.6,0.67,,,51.3,55.92,131.14754098361,98.299420033422,36.6,45.5,,,17,,55,,,,39
brooks-ghost-18,Brooks Ghost 18,Brooks,2026-06-01,86,150,none,false,3,3,4,0.8,25.1,37.3,12.2,3.5,,,,12.8,,,,,5,,289,115.7,95.9,,,271,5,9,,,,150,,3.17,96,70.6,25.8,,12.3,0.53,,,52.4,58.1,135.04388926401,101.49193139145,40.5,45.7,,,12.2,,70,,,,49
brooks-ghost-max,Brooks Ghost Max,Brooks,2024-01-01,78,150,none,true,4,1,4,0.54,30.3,39.8,9.5,3.3,80.4,13,19.5,50,32.5,33.6,3.2,4,4,,291,115.2,100.2,97.3,79.4,271,6.1,8.5,,,,150,,3.07,,,,,21.3,0.48,,,55.35,54.85,137.01445502501,116.73923956059,28,,,,,,,,,,
brooks-ghost-max-2,Brooks Ghost Max 2,Brooks,2024-01-01,83,150,none,true,5,3,4,0.79,29.1,39,9.9,3.8,79,20.6,28,35.7,33.6,38.7,15.1,4,4,,305,118.7,99.3,99.4,78.1,274.4,6.3,8.7,,,,150,,2.7,96.5,71,27.1,,20,0.51,,,58.89,58.85,137.93103448276,120.58071673178,39.2,,,,,,,,,,
brooks-ghost-max-3,Brooks Ghost Max 3,Brooks,2025-08-01,83,160,none,true,3,3,4,0.8,31.2,38.5,7.3,3.3,,17,23.8,39.7,,,,4,4,,303,119.1,101.5,,,,5.8,8.8,,,,160,,2.81,95.3,73.4,28.1,,18.7,0.51,,,51.3,50.5,133.85089010842,115.70056693278,33.8,,,,17.3,,,,,,
brooks-ghost-max-4,Brooks Ghost Max 4,Brooks,2026-08-01,83,165,none,false,,1,4,0.8,29.6,38.6,9,3.8,,,,34.8,,,,,3,,286,117.6,96.2,,,274.5,5.8,12.4,,,,165,,,93.4,71.3,26.8,,20.1,,,,51.9,55.5,145.3488372093,115.5401502022,39.7,53.5,,,17.2,,74,,,,51
brooks-glycerin-20,Brooks Glycerin 20,Brooks,2022-07-01,84,160,none,true,4,,,,24.3,37.1,12.8,3.5,79.5,20,24.6,23,28.2,36.7,30.1,3,3,,297,117.4,94.2,95.9,,,5.5,7.8,,,,160,,3.04,,,,,12.9,0.53,,,53.45,54.02,134.10038755012,103.10766502382,,,,,,,,,,,
brooks-glycerin-21,Brooks Glycerin 21,Brooks,2024-01-01,83,160,none,true,3,2,4,0.49,26.6,37.2,10.6,3.2,84.9,20.4,27.9,36.8,21.7,24.9,14.5,2,5,,278,117.2,100,99.3,78.9,269.9,4.8,11.5,,,,160,,2.88,95.9,71.7,26.4,,12.3,0.48,,,53.86,58.29,133.18948868555,108.09525353742,,,,,,,,,,,
brooks-glycerin-22,Brooks Glycerin 22,Brooks,2025-01-01,84,165,none,true,5,3,4,0.5,28.2,38.5,10.3,3.4,84,17.3,23,32.9,26.5,30.8,16.2,4,3,,293,117.2,89.7,,,,5,11.5,,24.4,,165,,2.71,96.3,73.7,23.6,,15,0.44,,,54.78,58.41,133.20190745131,109.33861074361,30,,37.6,,,,,,,,
brooks-glycerin-23,Brooks Glycerin 23,Brooks,2026-02-02,85,175,none,false,3,3,4,0.65,29,37.2,8.2,3.3,,,,32.9,,,,,4,,303,120.4,98.6,,,270.7,4.4,9,,,,175,,2.63,96.1,73.9,27.7,,15.2,0.57,,,54.1,57.7,140.46916701784,115.52680221811,29.2,38.8,34.8,,14,,67,7,37,57,53
brooks-glycerin-flex,Brooks Glycerin Flex,Brooks,2026-02-01,80,170,none,false,4,4,5,1.28,25.9,35.2,9.3,3.1,,,,19.8,,,,,2,,264,115.7,97.2,,,271.2,4.5,3.6,,,,170,,2.86,93.9,69.1,25.7,,12.2,0.6,,,49.1,51.3,143.41029685931,108.58942339016,39.9,47.8,36.1,,12.9,,,,,,
brooks-glycerin-gts-20,Brooks Glycerin GTS 20,Brooks,2022-07-01,77,160,none,true,4,1,1,0.49,25.5,36.5,11,3.3,69.4,23.4,28.9,23.5,24.9,35.1,41.2,4,5,,309,119.5,98.9,97.9,78.9,270.7,5,9.9,,,,160,,2.99,,,,,,,,,,,,,,,,,,,,,,,
brooks-glycerin-gts-21,Brooks Glycerin GTS 21,Brooks,2024-01-01,84,160,none,true,3,3,4,0.46,26.5,37.2,10.7,3.2,87,20.9,28.6,37.1,23.4,26.9,15,4,5,,301,117.3,100.2,99.7,80.6,268.9,4.6,11.5,,,,160,,2.97,97.3,74,26.8,,12.9,0.36,,,50.85,53.17,104.87237032531,104.88997042103,,,,,,,,,,,
brooks-glycerin-gts-22,Brooks Glycerin GTS 22,Brooks,2025-01-01,82,165,none,false,5,3,4,0.5,27.7,37.8,10.1,3.4,85,24.1,30.2,25.3,26,29.5,13.5,4,3,,305,119.1,97.1,,,,4.9,11.3,,27.6,,165,,2.67,95.6,73.2,26.4,,14.6,0.44,,,53.08,57.78,122.46047588141,108.51518670038,33.7,,40.3,,,,,,,,
brooks-glycerin-max,Brooks Glycerin Max,Brooks,2024-01-01,84,200,none,true,5,3,4,1.2,35.7,42.3,6.6,3.1,69,19.9,23.3,17,32.9,39.5,20,4,3,,305,118.8,90.8,98,79.1,272.1,6,14,,19.9,,200,,2.8,94.5,74.3,28.8,,18.3,,,,51.99,51.99,148.06040864673,138.13681069731,31.9,,31.3,,,,,,,,
brooks-glycerin-max-2,Brooks Glycerin Max 2,Brooks,2025-11-16,85,200,none,false,4,3,4,1.15,37.3,45.4,8.1,3.5,,,,21.7,,,,,5,,318,119,97,,,269,4.7,13,,,,200,,3.09,96.5,73.4,24,,21.9,0.61,,,48,49.6,137.49484394335,128.32028743744,30.9,37.6,36.5,,19.6,,74,6,38,57,53
brooks-glycerin-stealthfit-21,Brooks Glycerin StealthFit 21,Brooks,2024-01-01,84,160,none,false,2,3,3,0.54,26.4,36.9,10.5,3.2,84.9,20.6,28.3,36.9,22.4,26.3,17.4,3,3,,257,116.3,99.1,98.3,77.3,272.7,5.2,2.1,,,,160,,2.72,95.3,72.8,26.5,,13.1,0.5,,,52.03,55.97,125.31328320802,108.81392818281,,,,,,,,,,,
brooks-hyperion,Brooks Hyperion,Brooks,2023-01-01,79,130,none,true,4,1,2,0.69,17.7,30,12.3,3,79.1,20.6,30.6,48.5,13.6,25,83.5,2,3,,211,113.5,83.3,97.9,80.3,267,2.8,3.7,,,,130,,2.91,,,,,,,,,,,,,,,,,,,,,,,
brooks-hyperion-2,Brooks Hyperion 2,Brooks,2024-01-01,79,140,none,true,5,3,1,1.2,22.4,32.2,9.8,2.9,72,26.1,31,18.6,16.2,18.6,14.8,3,3,,203,111.3,84.5,96.6,80.5,267.4,2.9,6.1,,,,140,,3.08,94.5,73.6,27.7,,13,0.51,,,58.87,62.67,130.2168109903,96.343754516113,,,,,,,,,,,
brooks-hyperion-3,Brooks Hyperion 3,Brooks,2025-01-01,78,140,none,false,5,3,4,0.9,25.2,36.5,11.3,2.4,,21,24.5,16.7,,,,4,4,,244,115,88.5,,,,4.8,3.1,,,,140,,2.5,96.3,72.1,24.7,,15.8,0.45,,,56,59.9,129.97140629062,98.357430903905,34.9,,,,13.4,,,,,,
brooks-hyperion-elite-4,Brooks Hyperion Elite 4,Brooks,2024-01-01,74,250,carbon,true,5,2,5,0.75,27.3,39.1,11.8,2.3,79.4,23.9,27.6,15.7,63,67.3,6.8,5,1,,220,110.3,78.5,93,74.9,268.3,3,5.5,,,,250,,2.95,92.6,73.6,28.1,,26.8,0.5,,,56.23,58.43,137.11026407437,113.07868014565,,,,,,,,,,,
brooks-hyperion-elite-4-pb,Brooks Hyperion Elite 4 PB,Brooks,2025-01-01,79,250,carbon,false,5,2,5,1,26.8,38.5,11.7,2.6,64,19.5,20,2.6,,,,5,2,,197,111,75.4,,,,2.3,5.6,,19.5,,250,,2.93,91.3,71,26.4,,24,0.55,,,67.09,71.8,148.21402104639,102.26831114111,,,,,,,,,,,
brooks-hyperion-elite-5,Brooks Hyperion Elite 5,Brooks,2025-07-01,87,275,carbon,false,5,3,4,2.2,26.4,37.6,11.2,2,,11.6,12.5,7.8,,,,5,2,,204,110.9,84.5,,,,3.3,4.1,,11,,275,,3.1,92.7,71.5,24.1,,20.1,0.59,,,76.9,77.7,150.53439710974,107.11225364182,27.5,,23.6,,14.5,,,,,,
brooks-hyperion-gts-2,Brooks Hyperion GTS 2,Brooks,2025-01-01,79,140,none,false,3,3,4,0.8,22.3,33,10.7,3.3,75.9,20,25.9,29.5,,,,4,3,,220,112.3,86.7,,,,2.8,5.8,,,,140,,3.05,93.8,72.7,30.3,,12.6,0.46,,,51.77,59.69,122.53250174609,97.24315651286,,,,,,,,,,,
brooks-hyperion-max,Brooks Hyperion Max,Brooks,2023-01-01,81,170,none,true,5,2,2,0.65,24.2,32.4,8.2,3,78.6,20.8,22.5,8.4,25.8,27.9,8.3,2,3,,213,110,88.1,96.1,78.4,265.7,2.6,5.4,,,,170,,2.97,,,,,13.5,0.35,,,50.7,58.77,131.78182201547,104.10593820272,,,,,,,,,,,
brooks-hyperion-max-2,Brooks Hyperion Max 2,Brooks,2024-01-01,80,180,plated-other,true,3,3,3,0.75,26.4,33.2,6.8,3,72,20.9,24.75,18.5,29.6,34.6,17,4,3,,262,114,86.4,96.3,79.5,265.8,2.8,1.9,,17.6,,180,,3.02,94.8,73.7,26.6,,22.4,0.46,,,56.98,62.41,129.89880882792,106.27331370819,,,,,,,,,,,
brooks-hyperion-max-3,Brooks Hyperion Max 3,Brooks,2025-07-01,85,200,plated-other,true,4,4,3,0.9,35,45.6,10.6,2.8,,12.1,14.1,16.5,,,,5,3,,283,115.4,87,,,,2.8,1.8,,22.9,,200,,2.89,94.9,72.6,25,,17,0.51,,,63.9,66.2,150.94339622642,133.31555792561,25.7,,40.1,,21.4,,,,,,
brooks-hyperion-max-4,Brooks Hyperion Max 4,Brooks,2026-07-01,86,200,plated-other,false,,2,4,0.9,35.2,44.8,9.6,2.8,,,,19.9,,,,,4,,292,119,86.8,,,273.7,2.5,3.3,,,,200,,,92.7,71.7,23.1,,19,,,,62.9,67.9,148.06040864673,134.30029546065,24.6,29.5,42.5,,19.1,,61,,,,53
brooks-hyperion-tempo,Brooks Hyperion Tempo,Brooks,2023-01-01,82,150,none,false,4,4,2,0.23,19.7,28.7,9,3.3,85.1,22.3,26.5,18.8,12.8,16.1,26,2,3,,198,112.5,83.7,97.2,79.5,267.2,2.8,5.8,,,,150,,2.87,94.5,75.9,25.5,,7.7,0.29,,,52.65,65.1,125.91128291006,71.758661270415,,,,,,,,,,,
brooks-launch-10,Brooks Launch 10,Brooks,2023-01-01,79,110,none,true,3,2,5,0.64,23.8,33.8,10,3.4,81.4,19.8,26.5,33.8,18.2,30.7,68.6,3,3,,230,113.8,83.2,100.5,77.9,267.4,5.8,5.6,,,,110,,2.88,97.5,73.6,25.2,,13.3,0.34,,,49.95,56.47,124.5655775483,97.292353793915,,,,,,,,,,,
brooks-launch-11,Brooks Launch 11,Brooks,2025-01-01,84,120,none,true,4,3,1,0.8,24,33.5,9.5,3,80,24.1,28,16.2,25.4,31.6,24.4,4,4,,237,112,84.1,,,,5,5,,20.5,,120,,2.52,93.2,73.2,25.5,,14.9,0.51,,,55.05,59.96,128.51983703685,102.66835042761,40.3,,37.8,,,,,,,,
brooks-launch-12,Brooks Launch 12,Brooks,2026-01-01,87,120,none,false,5,3,4,0.78,24.5,33.4,8.9,2.8,,,,20.4,,,,,5,,244,111,87.4,,,263.6,4.6,8.2,,,,120,,,94,70.1,23.2,,12.6,0.58,,,57,65.5,127.63241863433,98.833761612967,37.3,44.9,37.2,,12.2,,,,,,
brooks-levitate-stealthfit-6,Brooks Levitate Stealthfit 6,Brooks,2023-01-01,77,150,none,false,2,5,4,0.64,25.4,32.9,7.5,3.4,80.4,21.5,22.6,5.2,19.1,19.8,3.3,3,3,,281,112.9,86.8,95.7,79.8,266.7,5.7,1.7,,,,150,,,91.1,73.3,26.4,,,,,,,,,,,,,,,,,,,,
brooks-revel-7,Brooks Revel 7,Brooks,2024-01-01,77,100,none,true,5,4,3,0.73,22.2,32,9.8,3.8,79.5,19.5,24.63,26.3,20.1,25.9,29,4,4,,258,111.3,89,98.2,77.7,269.5,4.9,4.5,,,,100,,2.9,95.4,74.7,27.2,,15.8,0.33,,,49.59,52.11,118.89758162319,90.54444374021,,,,,,,,,,,
brooks-revel-8,Brooks Revel 8,Brooks,2025-01-01,80,100,none,false,3,3,3,1,23.3,33.2,9.9,3.4,,22,26,18.2,,,,3,4,,244,111.5,88.5,,,,5,8.5,,,,100,,2.59,94.6,73.1,25.6,,13.1,0.57,,,51.6,59.1,116.17100371747,87.842586085734,,,,,11,,,,,,
brooks-trace-3,Brooks Trace 3,Brooks,2024-01-01,76,100,none,false,3,1,4,0.58,22.2,34.1,11.9,3,86.4,24.5,27.4,11.8,19.6,25.9,32,3,4,,257,113.3,93.1,98.6,77.1,269.8,5.1,4.5,,,,100,,2.89,97.4,74.8,25.9,,11.9,0.34,,,49.76,51.68,125.48468459425,93.620686426873,,,,,,,,,,,
darimati-br-001,Darimati BR-001,Darimati,2026-01-01,77,149,none,false,2,5,1,2.8,25.3,36.6,11.3,3.9,,,,9.2,,,,4,3,,306,116.8,95.5,,,275.6,4,4,,,,149,,,97,73,33.4,,19.6,0.51,,,67.5,68.7,129.73533990659,103.57327809425,32.5,35.5,,,14.6,,,,,,
diadora-atomo-star,Diadora Atomo Star,Diadora,2025-01-01,81,240,none,false,3,3,1,0.41,32.1,39.9,7.8,3.5,,14,18.5,32.1,,,,4,4,,268,114.1,100.2,,,,7.5,11,,,,240,,,89.4,70.8,22.5,,13.8,0.5,,,53.9,57.4,149.45449110746,125.07817385866,,,,,,,,,,,
diadora-cellula,Diadora Cellula,Diadora,2025-01-01,81,170,none,false,3,3,5,0.61,34.7,41.9,7.2,2.9,,14.5,22,51.7,,,,5,5,,278,114.6,98.3,,,,7.5,1.3,,,,170,,2.36,92.1,71.1,24.7,,17.2,0.55,,,48.7,51.6,132.18770654329,127.94268167861,,,,,,,,,,,
diadora-frequenza-2,Diadora Frequenza 2,Diadora,2025-01-01,83,180,none,false,3,3,4,0.69,24.7,36.5,11.8,2.8,,11.8,13.8,16.9,,,,3,4,,227,113.2,93.5,,,270.4,5.1,1.5,,,,180,,,93.8,71.6,23.9,,11.4,0.63,,,59.4,62.7,161.29032258065,112.99435028249,,,,,,,,,,,
diadora-gara-carbon,Diadora Gara Carbon,Diadora,2025-01-01,81,300,carbon,false,2,4,2,1.02,29.6,34.4,4.8,1.2,,16.4,18,9.8,,,,4,2,,215,111.5,80,,,261.7,1.7,1,,,,300,,,91.5,71.5,30.1,,19.7,0.64,,,77.6,76,135.6300013563,117.64705882353,,,,,,,,,,,
diadora-mythos-blushield-volo-5,Diadora Mythos Blushield Volo 5,Diadora,2025-01-01,74,160,none,false,3,1,3,0.81,28.8,40,11.2,3.8,,20,24.3,21.5,,,,4,5,,281,110.8,91.3,,,270,7.9,1.5,,,,160,,,94.1,71,23.5,,11.7,0.61,,,42.8,47.4,136.68671405139,105.75296108291,,,,,,,,,,,
diadora-nucleo-2,Diadora Nucleo 2,Diadora,2025-01-01,79,160,none,false,3,1,5,0.7,30.7,38.7,8,2.5,,17.9,22.6,26.6,,,,4,3,,276,118.8,94.7,,,,7.8,9.9,,,,160,,3.25,97.5,72,25.6,,15,0.47,,,47.8,52.2,132.0829480914,121.43290831815,,,,,11.9,,,,,,
hoka-arahi-7,HOKA Arahi 7,HOKA,2024-01-01,79,145,none,true,3,5,5,0.88,27.9,34.2,6.3,3.5,85.6,26.6,31.3,17.3,33.5,40.6,21.1,5,5,,266,120.7,97.5,97.3,74.7,270.5,5.3,10,,,,145,,2.72,93.5,70,28.6,,17.8,0.4,,,52.2,56.08,106.22702840511,108.78196830093,,,,,,,,,,,
hoka-arahi-8,HOKA Arahi 8,HOKA,2025-01-01,83,150,none,false,2,5,5,0.53,28.1,39.4,11.3,3.3,,16.4,21.5,31.3,,,,5,3,,259,117.6,96.3,,,,4.5,11.7,,24,,150,,2.94,95.3,73.6,27.6,,18.3,0.36,,,54.4,60.9,138.10247203425,113.09658448315,35.8,,44.1,,19.5,,,,,,
hoka-bondi-8,HOKA Bondi 8,HOKA,2022-07-15,82,165,none,true,3,,,,30,36.2,6.2,3,74,18,26.87,49.3,49.3,70.2,42.3,4,3,,311,126.5,100.9,91.6,,,4.9,9,,,,165,,2.9,92.2,69.2,28.5,,17.7,,,,51.05,51.57,124.58109606448,118.03448967788,41.5,,,,,,,,,,
hoka-bondi-9,HOKA Bondi 9,HOKA,2025-01-01,86,170,none,false,3,4,5,0.95,32.2,41.3,9.1,3.4,76.5,25.1,30.2,20.3,30.6,35.4,15.7,4,3,,303,123.2,104.2,,,,4.4,9,,,,170,,2.83,94.1,72.5,29.6,,16.5,0.45,,,60.17,60.34,146.23517540909,132.90626121397,43,,,,,,,,,,
hoka-carbon-x-3,HOKA Carbon X 3,HOKA,2022-04-01,76,180,carbon,false,3,,,,24,35,11,0,64.5,19,23.5,23.7,50.4,55.4,9.9,5,2,,239,111.2,90.1,92,70.9,266.9,2.3,1.5,,,,180,,3.42,92.6,72.3,30.7,,17.9,0.51,,,56.61,55.02,118.4090559246,96.93115949053,,,,,,,,,,,
hoka-cielo-x-1-2-0,HOKA Cielo X1 2.0,HOKA,2025-01-01,88,275,carbon,true,5,1,1,1.05,28.1,38.8,10.7,2.3,62.5,13,18.5,42.3,,,,4,2,,208,116.7,80.6,,,,3.1,1.7,,13.5,,275,,2.75,90.6,71.3,26.3,,19.4,0.39,,,75.93,78.42,159.61691939346,108.09759050471,37.2,,33.9,,,,,,,,
hoka-cielo-x-1-3-0,HOKA Cielo X1 3.0,HOKA,2026-01-01,91,275,carbon,false,4,1,1,1.26,31.1,44.5,13.4,1.9,,,,11.6,,,,4,1,,193,107.6,78.1,,,263.2,3.7,1.8,,,,275,,2.28,91.4,70.4,25.1,,16.8,0.72,,,75.3,70.37,170.29972752044,136.51877133106,32.9,36.7,,,15.1,,,,,,
hoka-cielo-x1,HOKA Cielo X1,HOKA,2024-01-01,83,275,carbon,false,3,5,4,0.83,30.3,39.8,9.5,2.6,84,15.5,16.6,7.3,58.8,65.1,10.6,5,2,,249,117.4,89.7,94.1,76.3,269.3,3.7,2.1,,31,,275,,3.04,93,70.9,27.9,,19.3,0.39,,,74.43,75.25,146.97236919459,119.36165387508,,,,,,,,,,,
hoka-clifton-10,HOKA Clifton 10,HOKA,2025-04-15,86,150,none,false,3,4,5,1,32,44.4,12.4,3.6,79.3,17.1,20.4,19.3,,,,5,3,,275,116.9,94.5,,,,4.8,7.6,,,,150,,2.84,97.2,73.1,27.3,,14.7,0.49,,,52.29,57.16,146.5094132298,121.85611230259,34.2,,,,,,,,,,
hoka-clifton-9,HOKA Clifton 9,HOKA,2023-02-15,87,145,none,true,3,,,,26.6,32.7,6.1,3.7,76,20.4,24,17.6,26.9,48.9,81.8,4,5,,249,115.3,96,95.8,74.5,,4.2,6.6,,,,145,,3,92.2,68.9,28.9,,17.7,0.33,,,53.01,54.69,127.06480304956,112.66336187472,40.5,,,,,,,,,,
hoka-clifton-9-gtx,HOKA Clifton 9 GTX,HOKA,2023-01-01,84,160,none,false,3,4,5,0.53,28.6,37.2,8.6,3.3,79.1,23.9,27.8,16.1,29.4,38,29.1,5,4,,271,120.9,97.2,97.3,75.7,267,4.8,7.4,,,,160,,2.9,91.5,69.4,26.2,,22.4,0.38,,,50.84,54.15,115.06552981923,113.14265025344,,,,,,,,,,,
hoka-gaviota-5,HOKA Gaviota 5,HOKA,2023-01-01,82,175,none,true,5,2,1,0.93,32.7,34.9,2.2,3.8,83.1,12.9,22.8,76.6,32.7,40.2,22.7,4,3,,299,125.1,106.6,101.8,83.1,269,5,8.6,,22,,175,,3.16,99.7,77.2,26.8,,21.3,0.46,,,48.89,48.95,116.49852046879,113.18234808099,36.6,,41,,,,,,,,
hoka-gaviota-6,HOKA Gaviota 6,HOKA,2026-01-01,81,180,none,false,3,3,4,0.9,28.7,36,7.3,3.3,,,,14.1,,,,4,4,,283,120,105.6,,,266.8,4.8,9.7,,,,180,,3.16,97.2,76.7,28.2,,19,0.65,,,45.4,52.43,122.32415902141,111.07408641564,32.6,37.2,41.6,,17.7,,,,,,
hoka-kawana-2,HOKA Kawana 2,HOKA,2024-01-01,78,140,none,false,4,3,4,0.6,28,33.2,5.2,2.5,80.6,21.1,27.4,29.6,24.7,33.7,36.4,3,4,,298,115.2,98.9,97.2,75.9,270.9,5,13.9,,,,140,,3.1,91.1,70.2,28.9,,17.4,0.4,,,54.74,57.7,120.63308241652,114.89234587192,,,,,,,,,,,
hoka-mach-5,HOKA Mach 5,HOKA,2022-06-15,82,140,none,true,4,,,,25,30.7,5.7,0,57,15,24,60,20.3,36,77.3,2,3,,225,113,96.7,95.4,,,4.2,4.3,,,,140,,3.02,,,,,9.4,0.54,,,64.5,64.49,139.04918169557,106.66894227077,,,,,,,,,,,
hoka-mach-6,HOKA Mach 6,HOKA,2024-01-01,87,140,none,true,5,2,1,0.57,26.4,36,9.6,2.5,75.1,20.4,29,42.3,18.7,22.9,22.8,4,4,,232,113.9,93.7,98.4,75.9,264.3,4.5,1.5,,,,140,,2.76,95.5,70.1,30,,13.7,0.49,,,65.42,66.99,135.43895766178,114.03938920503,39.5,,,,,,,,,,
hoka-mach-7,HOKA Mach 7,HOKA,2026-03-29,90,145,none,false,4,2,4,1.1,26.2,35.6,9.4,2.3,,,,11,,,,,5,,224,115.5,93.3,,,265.5,4.4,3.1,,,,145,,2.42,92.5,72.9,29.1,,14.2,0.73,,,60.6,66.6,137.40038472108,109.64912280702,41.7,46.3,,,13.6,,96,4,39,57,54
hoka-mach-x,HOKA Mach X,HOKA,2023-01-01,77,180,none,true,5,1,1,0.38,28.4,38,9.6,2.3,80.9,10.6,14.3,34.2,25.5,29.8,16.9,4,3,,259,113.7,95.9,98,76.6,268.2,4.5,6.4,,20,,180,,2.35,,,,,13.1,0.39,,,60.71,68.8,132.31013495634,113.31573162302,,,,,,,,,,,
hoka-mach-x-2,HOKA Mach X 2,HOKA,2025-01-01,77,190,plated-other,true,4,5,4,0.82,33.7,44.6,10.9,2.6,76.6,14.1,16,13.3,35.5,39.2,10.4,5,1,,247,113.3,94.3,,,,4.7,1.2,,21.5,,190,,2.91,95.3,71.7,24.3,,15.9,0.5,,,61.39,68.51,149.2448212047,132.85152513551,30.2,,36.7,,,,,,,,
hoka-mach-x-3,HOKA Mach X 3,HOKA,2025-01-01,83,190,plated-other,false,3,2,4,0.8,33.4,42.9,9.5,2.5,,14.4,16.5,14.6,,,,5,2,,264,115.4,89.1,,,,5,6.4,,20.4,,190,,2.65,91.6,70.8,28.5,,17.8,0.58,,,58.9,69.3,151.19443604475,124.57954403887,32.5,,41.6,,20.4,,,,,,
hoka-rincon-3,HOKA Rincon 3,HOKA,2021-08-01,82,125,none,true,5,2,4,0.84,25.6,31.8,6.2,3.4,81.8,23.4,28.4,21.4,19.1,23.2,21.5,5,2,,208,113.2,95.7,97.2,78.4,270.8,2,2.9,,,,125,,2.93,,,,,13.2,0.32,,,46.96,48.98,120.77002970943,102.65148793332,,,,,,,,,,,
hoka-rincon-4,HOKA Rincon 4,HOKA,2024-01-01,83,125,none,false,5,1,2,6.47,26.6,36,9.4,6.6,55.8,14.3,20.5,43.9,22.2,28.45,28.4,4,4,,231,116.3,97,98.5,76.8,268,4.8,6.7,,,,125,,2.6,92.4,70.2,25.2,,16.1,0.46,,,56.41,58.8,133.76852694098,114.27526626137,35.9,,,,,,,,,,
hoka-rocket-x-2,HOKA Rocket X 2,HOKA,2023-03-15,87,250,carbon,true,4,1,5,0.45,31.1,37.7,6.6,2,81.6,17.4,20,15.1,80.7,90,11.5,5,1,,218,113.3,85.2,89.5,75.4,259.9,2.5,1.9,,,,250,,2.27,88.5,70.8,27.7,,,,,,74.2,73.53,140.62917492863,112.21959129625,,,,,,,,,,,
hoka-rocket-x-3,HOKA Rocket X 3,HOKA,2025-01-01,88,250,carbon,false,5,3,4,0.9,29.6,39.6,10,2.4,,15.9,16.38,3.1,,,,4,2,,220,108,76.5,,,,3.4,3.1,,15.5,,250,,2.39,92,70,26.9,,21.3,0.57,,,73.9,78,154.87068297971,111.5200178432,34.3,,35,,15.6,,,,,,
hoka-skyflow,HOKA Skyflow,HOKA,2024-01-01,83,160,none,false,5,3,5,0.75,30.6,39.3,8.7,3.3,79.3,19.4,24.3,25.1,31.2,42.33,35.7,4,4,,282,116.3,94.7,98.6,77.7,269.6,5.1,9.6,,,,160,,3.08,94.3,69.5,27.1,,18.7,0.47,,,58.06,59.53,133.3600053344,121.23269403293,40,,,,,,,,,,
hoka-skyward-x,HOKA Skyward X,HOKA,2024-01-01,86,225,carbon,true,5,4,5,0.81,37.1,46.3,9.2,3.1,71.8,19.8,20,1.3,54.2,55.5,2.5,5,5,,315,123.7,100.1,95.6,77,267.1,4.2,9.5,,16,,225,,2.99,92.1,69.1,28.4,,28.5,0.47,,,66.15,68.51,136.39773579759,138.52909803704,36.5,,33.2,,,,,,,,
hoka-skyward-x-2,HOKA Skyward X 2,HOKA,2026-01-01,87,225,carbon,false,3,3,2,0.88,38.2,45.8,7.6,2.1,,,,58.6,,,,,4,,286,125.7,103.7,,,268.3,4.4,6.9,,,,225,,2.28,94.6,72.7,28.4,,23,0.79,,,64.3,67.6,152.09125475285,141.34275618375,31.9,50.6,40.5,,19,,74,,,,57
hoka-solimar,HOKA Solimar,HOKA,,76,125,none,false,4,4,2,,24,30.4,6.4,2.6,82.4,24.6,34.8,41.5,20.6,36.1,75,3,2,,232,110.2,89.4,93.1,71,,5.1,7.5,,,,125,,2.88,,,,,11.8,0.37,,,53.6,53.44,116.0308177852,96.112259118651,,,,,,,,,,,
hoka-transport-x,HOKA Transport X,HOKA,2023-01-01,69,200,carbon,false,5,1,1,0.78,30.8,40.2,9.4,1.8,80.5,22.8,27.5,20.9,53.4,65.5,22.7,5,5,,274,118.5,94.4,99.8,78.3,265.4,4.5,1.7,,,,200,,2.96,94.9,72.1,28.7,,,,,,,,,,,,,,,,,,,,
hylo-athletics-axis,Hylo Axis,Hylo Athletics,2026-02-26,80,175,none,false,4,1,4,1.4,28.2,37.6,9.4,2.8,,23.1,26,12.6,,,,5,3,,312,122.2,97.6,,,268.4,5.6,8.2,,,,175,,,95.4,69.2,24.5,,20.2,0.56,,,56.6,58.4,111.08642523884,107.12372790573,,,,,18,,,,,,
inov-8-roadfly,Inov8 Roadfly,Inov8,2024-01-01,77,130,none,false,5,1,3,1.48,22.1,31.5,9.4,3.8,83.5,26,30.9,18.8,20.6,22.3,8.3,3,2,,251,111.6,83.8,100.9,89.2,268,7.2,8.5,,,,130,,2.23,,,,,,,,,,,,,,,,,,,,,,,
k-swiss-shad-x,K-Swiss Shadx,K-Swiss,2026-01-01,83,75,none,false,5,2,4,0.7,26.8,40,13.2,3,,,,19.9,,,,,3,,278,117.4,93.2,,,271.5,4.2,9.3,,,,75,,,94.9,70,28.9,,13.2,0.72,,,51.5,54.8,155.27950310559,108.16657652785,36.6,43.9,,,15.2,,,,,,
kiprun-kipstorm-elite,KIPRUN Kipstorm Elite,KIPRUN,2026-01-01,84,250,carbon,false,5,2,3,0.44,31.4,38.1,6.7,2.5,,,,7.2,,,,,2,,218,118.8,81.6,,,269.9,3,4.4,,,,250,,,95.6,69.7,26.8,,21.4,0.71,,,68.9,74.8,148.43402107763,125.67550584391,34.5,37,27.2,,16,,63,7,38,54,51
kuru-atom-2,KURU Atom 2,KURU,2025-01-01,68,169,none,false,2,5,4,1.05,26,39.9,13.9,3.2,,20,24.3,21.3,,,,4,3,,366,114.5,92.7,,,,6.6,9.9,,,,169,,,95.2,70.7,22,,15.7,0.44,,,40.9,49.5,116.76786548342,95.812973076555,,,,,,,,,,,
kuru-triple-max-ion,KURU Triple Max Ion,KURU,2025-01-01,64,185,none,false,4,3,4,0.88,26.8,42.4,15.6,3.7,,17.5,21.8,24.3,,,,5,5,,424,121.4,102.6,,,,6.4,12.4,,,,185,,,94.8,73.1,24.8,,15.4,0.4,,,44,50.8,121.9512195122,105.42962572483,,,,,,,,,,,
merrell-vapor-glove-6,Merrell Vapor Glove 6,Merrell,2023-02-08,77,90,none,false,3,2,2,1.5,7.6,7.6,0,3.9,75.6,,,,2.2,2.5,12.7,1,1,,159,104.6,77,98.3,84.8,267.7,3.8,8.2,,,,90,,2.84,93.3,77.5,31,,,,,,52.32,55.29,23.634348271029,24.884597678267,,,,,,,,,,,
mizuno-neo-vista,Mizuno Neo Vista,Mizuno,2024-01-01,82,180,plated-other,true,3,4,4,0.37,35.3,44.9,9.6,2.1,69.3,15.6,17.6,12.6,24.9,33.62,35,4,1,,259,120.8,97.9,99.5,80.8,269.8,4.8,1.9,,,,180,,3.05,93.8,74.6,25.7,,16.2,0.41,,,56.9,55.28,163.44142259414,127.31068900545,31.7,,34.2,,,,,,,,
mizuno-neo-vista-2,Mizuno Neo Vista 2,Mizuno,2025-01-01,82,200,plated-other,true,4,5,4,0.63,37.5,46,8.5,3.5,78,10,11.3,12.5,,,,4,1,,264,116.4,95.8,,,,4.8,1.9,,20,,200,,3.91,96.5,72.9,29.2,,13.5,0.45,,,60.29,59.83,169.52600528921,136.75213675214,21.6,,34.8,,17.7,,,,,,
mizuno-neo-vista-3,Mizuno Neo Vista 3,Mizuno,2026-01-01,83,200,plated-other,false,,4,1,0.69,35,43.5,8.5,1.9,,,,13.6,,,,,2,,266,118.6,95.4,,,275.1,5.3,2.3,,,,200,,,95.2,71.7,29.4,,15.3,,,,57.69,57.14,166.58337497918,133.3688983729,19.8,22.5,30.1,,15.5,,83,,,,62
mizuno-neo-zen,Mizuno Neo Zen,Mizuno,2025-01-01,92,150,none,true,4,5,4,0.95,34,41,7,2.7,62.5,13.5,18,33.3,,,,3,1,,234,113.5,94.7,,,,4.8,4.1,,,,150,,3.31,93.7,73.4,27,,12.8,0.38,,,71.7,67.71,158.36315839483,128.55618548086,33.3,,,,,,,,,,
mizuno-neo-zen-2,Mizuno Neo Zen 2,Mizuno,2026-02-05,79,160,none,false,3,1,1,0.86,34.9,39.9,5,1.4,,,,14,,,,3,3,,237,115.7,94.2,,,270.4,4.8,3.6,,,,160,,3.17,92.2,68.3,25.1,,13.3,0.55,,,47.4,50.89,142.61266400456,132.11784912142,32.1,36.6,,,12.6,,,,,,
mizuno-wave-horizon-7,Mizuno Wave Horizon 7,Mizuno,2024-01-01,72,170,none,false,3,3,1,0.79,31.9,39.1,7.2,4.5,80.1,22.6,29.5,30.5,27.3,34.7,27.3,4,5,,329,118.5,98.4,100.1,80.1,274.6,5.3,6.1,,27.8,,170,,2.7,,,,,,,,,,,,,,,,,,,,,,,
mizuno-wave-inspire-20,Mizuno Wave Inspire 20,Mizuno,2024-01-01,80,140,none,true,4,4,5,0.9,25.1,37.7,12.6,3.2,84,22,25.1,14.2,20.7,22.4,8.1,4,4,,302,115.5,94.2,101.6,78.9,,5.5,7.1,,,,140,,2.93,,,,,13.8,0.36,,,44.18,46.45,120.61853183123,103.58186074455,,,,,,,,,,,
mizuno-wave-inspire-21,Mizuno Wave Inspire 21,Mizuno,2025-01-01,82,140,plated-other,true,3,3,4,0.9,25.1,38,12.9,4.5,80.1,26.6,31.6,18.8,,,,3,4,,286,118.1,94,,,,5.4,6.9,,19.3,,140,,2.75,98.4,73.5,30.9,,14.5,0.5,,,53.3,51.49,126.28175986261,99.11392154142,,,,,,,,,,,
mizuno-wave-inspire-22,Mizuno Wave Inspire 22,Mizuno,2026-01-01,83,140,plated-other,false,3,2,3,0.51,29,36.6,7.6,4.1,,,,23.1,,,,3,4,,280,116.6,96.2,,,,5.2,6,,,,140,,3,97.3,72.7,27.7,,13.2,0.55,,,52.7,52.8,124.96875781055,114.69205184081,30.8,37.9,43.3,,9.1,,,,,,
mizuno-wave-rebellion,Mizuno Wave Rebellion,Mizuno,2021-09-01,81,180,none,false,3,2,2,3.88,28.7,36.4,7.7,3.7,84,24.3,33.5,38.1,26.1,32.3,23.7,4,4,,247,115.1,87,101.7,79,,4.1,0.9,,,,180,,3.5,,,,,,,,,,,,,,,,,,,,,,,
mizuno-wave-rebellion-flash-2,Mizuno Wave Rebellion Flash 2,Mizuno,2025-01-01,82,170,plated-other,true,3,2,1,0.91,32.3,35.2,2.9,3.1,68.1,14.8,20.1,36.4,30.2,35.2,16.4,5,3,,239,112.2,82.8,,,,2.1,1.3,,27,,170,,2.77,94.8,73.3,27.4,,15.8,0.42,,,54.9,59.59,147.60147601476,117.47016257871,,,,,,,,,,,
mizuno-wave-rebellion-flash-3,Mizuno Wave Rebellion Flash 3,Mizuno,2025-09-01,86,180,plated-other,false,3,4,1,1.26,32.5,40,7.5,2.1,,11.5,11.9,3.5,,,,4,3,,244,117.6,88.4,,,264.2,2.6,1,,19,,180,,,92.3,70.2,25.6,,13.6,0.61,,,68.1,65.6,170.24174327545,122.0703125,,,,,17.7,,,,,,
mizuno-wave-rebellion-pro-2,Mizuno Wave Rebellion Pro 2,Mizuno,2024-01-01,84,250,carbon,true,4,1,4,1.95,35.8,37.9,2.1,2.1,77.8,16,17.1,7.1,58.4,73.3,25.5,5,1,,209,113.3,82,98.1,77.6,,3.6,1.3,,26,,250,,3,,,,,21.7,0.46,,,62.5,66.84,158.55901566563,115.52680221811,,,,,,,,,,,
mizuno-wave-rebellion-pro-3,Mizuno Wave Rebellion Pro 3,Mizuno,2025-01-01,84,250,carbon,false,4,4,1,1.4,34.5,39.9,5.4,2.5,,16.5,16.5,0,,,,5,1,,227,116.7,86.7,,,,3.9,1,,,,250,,2.57,96.6,72.8,25.4,,20.7,0.62,,,66.3,69.1,184.19598452754,125.89701624072,,,,,16.7,,81,5,25,71,67
mizuno-wave-rider-27,Mizuno Wave Rider 27,Mizuno,2023-01-01,81,140,none,true,4,2,5,0.63,25.1,38.3,13.2,3.8,83,23.3,26.3,12.9,12.8,17.8,39.1,3,5,,279,113.9,90.9,99.2,78.8,271.9,4.7,6.4,,,,140,,2.87,,,,,13.6,0.34,,,49.92,49.73,131.29907302854,102.57988408473,,,,,,,,,,,
mizuno-wave-rider-28,Mizuno Wave Rider 28,Mizuno,2025-01-01,83,140,none,true,4,3,5,1.3,24.6,39.3,14.7,4.3,81.4,28,30.2,7.9,21.5,23.5,9.3,4,3,,276,119.5,85.1,,,,5.5,6,,20.2,,140,,2.34,96.7,77.2,33.8,,15.5,0.48,,,52.97,51.68,130.58751322199,99.165030443664,44.3,,36.6,,,,,,,,
mizuno-wave-rider-29,Mizuno Wave Rider 29,Mizuno,2025-01-01,85,150,plated-other,false,3,3,5,1,29.2,37.5,8.3,3,,16.9,22.6,33.7,,,,4,4,,258,114.2,89.6,,,,5.3,7.9,,19.9,,150,,2.79,94.6,76.7,28.3,,15.8,0.52,,,53.3,55.8,141.52278516841,116.21150493899,36.1,,41.5,,9.4,,,,,,
mizuno-wave-sky-8,Mizuno Wave Sky 8,Mizuno,2024-01-01,84,170,none,true,3,4,4,1.82,30.7,40.7,10,5,77.5,14,18.5,32.1,22.1,27.85,26,3,3,,271,114.2,93.5,99.7,77.7,274.5,5.4,9.9,,26.38,,170,,2.82,97,75,25.5,,14.6,0.34,,,56.45,56.45,141.38872000792,119.04336749878,,,,,,,,,,,
mizuno-wave-sky-9,Mizuno Wave Sky 9,Mizuno,2025-07-01,86,180,none,false,4,4,5,1.14,38.1,44.3,6.2,2,,14.5,17.8,22.4,,,,5,5,,295,120,99.9,,,273,5.2,7.8,,19.3,,180,,2.55,95.7,70.4,22.8,,25.1,0.64,,,45.2,47.1,142.20705346985,145.32771399506,,,,,18.3,,,,,,
mount-to-coast-c-1,Mount to Coast C1,Mount to Coast,2026-04-01,84,180,none,false,4,2,4,0.98,33.2,40.7,7.5,1.5,,,,9.2,,,,5,4,,272,121.9,98,,,273,3.4,8,,,,180,,3.21,98.2,73.2,28.2,,21.8,0.59,,,59.7,62.69,135.92496941688,125.86532410321,31.6,34.5,54.5,,16.5,,,,,,
new-balance-1080-v-15,New Balance 1080 v15,New Balance,2026-01-15,91,170,none,false,4,4,3,1,30.6,37,6.4,3,,8.5,11,2.3,,,,3,4,,255,108.9,91.4,,,273,4.3,8.5,,,,170,,3.07,94.8,73.2,27.1,,15.1,0.56,,,65.9,69.1,146.6275659824,125.54927809165,21.5,22,,,10.3,,67,7,50,44,40
new-balance-ellipse,New Balance Ellipse,New Balance,2026-03-05,85,140,none,false,4,3,4,1.3,27.4,36.9,9.5,3.3,,,,57.4,,,,,3,,261,110.8,91.6,,,271.1,4.5,8.8,,,,140,,2.72,95.4,73.8,26.6,,14.7,0.77,,,64.6,71.6,145.81510644503,112.7649977447,25.8,40.6,,,12.5,,102,,,,56
new-balance-fresh-foam-680-v8,New Balance Fresh Foam 680 v8,New Balance,2024-01-01,79,80,none,true,5,4,4,0.69,27.6,35.4,7.8,3.5,83.6,16.3,22.75,40,16.6,19.8,19.5,2,3,,261,113.9,89.6,99.2,79.1,270.2,4.7,6.4,,,,80,,2.5,95.3,72.6,26.2,,9,0.51,,,61.24,64.6,124.39048661558,103.09065792458,36.5,,,,,,,,,,
new-balance-fresh-foam-680-v9,New Balance Fresh Foam 680 v9,New Balance,2026-02-08,85,85,none,false,,3,4,0.86,24.9,33.2,8.3,3,,,,19.7,,,,,2,,258,113.1,94.3,,,270,4.1,5.6,,,,85,,2.9,93.7,73.1,26.4,,10.8,,,,54.7,61.9,128.46865364851,101.78117048346,29.5,35.3,,,7.3,,64,,,,48
new-balance-fresh-foam-arishi-v4,New Balance Fresh Foam Arishi v4,New Balance,2023-01-01,74,70,none,false,4,1,1,0.85,20.4,28.1,7.7,3.6,81,14.5,20.6,42.3,10.2,13.1,29.4,1,2,,242,113.7,88.8,96.3,78.2,265.6,3.9,5.7,,,,70,,2.68,93.6,72.6,27.8,,7,0.41,,,61.07,63.81,109.1321808975,66.725385005471,33,,,,,,,,,,
new-balance-fresh-foam-more-v-4,New Balance Fresh Foam X More v4,New Balance,,80,150,none,true,2,1,,,27.9,32.5,4.6,3.6,75.1,15.5,18.4,18.6,17.7,21.8,23.2,2,2,,301,119.5,102.1,97.4,74.4,,3.3,5.5,,,,150,,2.89,,,,,12.7,0.49,,,57.09,60.42,148.0384900074,120.31522589184,,,,,,,,,,,
new-balance-fresh-foam-roav-v2,New Balance Fresh Foam Roav V2,New Balance,,76,85,none,false,1,,,,25,32.2,7.2,4.1,77.4,26.5,33,24.5,29.6,38.4,29.7,2,2,,238,115,88.6,97,,,4.6,5.9,,,,85,,2.42,,,,,13.7,0.56,,,55.59,57.55,113.42369420972,97.80333704986,,,,,,,,,,,
new-balance-fresh-foam-x-1080-v-12,New Balance Fresh Foam X 1080 v12,New Balance,2022-04-01,80,160,none,true,,,,,23.6,26.9,3.3,1.9,76,12.5,16,28,19.7,29.9,51.5,3,2,,286,113.8,89.1,97,,,4.4,3.6,,,,160,,3.06,,,,,11.3,0.36,,,57.74,60.11,110.68436140658,85.081039690305,,,,,,,,,,,
new-balance-fresh-foam-x-1080-v-13,New Balance Fresh Foam X 1080 v13,New Balance,2024-01-01,82,165,none,true,5,3,4,0.24,28.5,34.1,5.6,2.5,81.5,10,12.9,28.8,20.5,23.6,15.1,2,4,,264,119.5,95.9,99.7,77.9,273.2,5,7.3,,,,165,,2.79,,,,,13.1,0.54,,,58.05,60.12,148.08671958299,121.188617965,,,,,,,,,,,
new-balance-fresh-foam-x-1080-v14,New Balance Fresh Foam X 1080 v14,New Balance,2025-01-01,83,165,none,true,4,4,3,0.62,32.8,37,4.2,3.6,76.7,11.9,15,26.4,26.4,29.7,12.7,4,4,,285,118.8,94.6,,,,3.9,8.9,,,,165,,2.83,95.4,69.8,27,,15.8,0.52,,,58.05,59.41,141.61096635323,128.44720177771,28.5,,,,,,,,,,
new-balance-fresh-foam-x-860-v-15,New Balance Fresh Foam X 860 v15,New Balance,2026-01-01,85,150,plated-other,false,4,3,3,1.4,32.1,39.7,7.6,3.1,,,,36.4,,,,,4,,332,117,93.4,,,268.4,4.3,9.1,,,,150,,2.43,93.6,75.1,27.8,,20.7,0.68,,,57.5,65.2,133.68983957219,127.25884448969,25.8,35.2,32.6,,18.2,,,,,,
new-balance-fresh-foam-x-860-v14,New Balance Fresh Foam X 860 v14,New Balance,2024-01-01,85,140,plated-other,true,3,2,1,1.19,27.5,36.8,9.3,3.5,84.8,10.9,16.8,54.1,20.4,23.1,13.2,3,4,,295,113.6,93.6,99.5,78.9,269.1,4.8,6.7,,23.8,,140,,2.59,94.4,73,28.5,,14.6,0.5,,,60.77,66.35,125.91286829514,112.55937507035,26.5,,44.3,,,,,,,,
new-balance-fresh-foam-x-880-v-14,New Balance Fresh Foam X 880 v14,New Balance,2024-01-01,81,140,none,true,3,3,1,1.2,25,33,8,3.4,85,15.6,22,41,20.6,27.4,33,3,3,,251,116.5,92.6,102.1,82.2,270.1,4.7,7.9,,,,140,,2.56,96.8,76.2,28.5,,12.9,0.51,,,57.93,62.67,121.19743061447,98.524108849435,,,,,,,,,,,
new-balance-fresh-foam-x-880-v-15,New Balance Fresh Foam X 880 v15,New Balance,2025-01-01,82,140,none,false,3,3,4,1.1,35.4,39.7,4.3,1.9,85.7,19.6,23.6,20.4,34.3,40.4,17.8,5,4,,286,113.3,89.2,,,,4.7,7.1,,,,140,,2.55,95,74.6,28.5,,19.2,0.52,,,56.4,60.11,127.70739681242,113.89262203594,35.5,,,,,,,,,,
new-balance-fresh-foam-x-880-v14-gtx,New Balance Fresh Foam X 880 v14 GTX,New Balance,2025-01-01,82,160,none,false,1,5,3,0.9,24.1,35.4,11.3,4.4,81.5,14.6,20,37,28.2,32.1,13.8,4,4,,261,121.8,93.5,,,,5,5.8,,,,160,,2.58,93.9,73.6,24.8,,12.9,0.64,,,54.32,61.14,127.6438226772,97.178896630808,,,,,,,,,,,
new-balance-fresh-foam-x-balos,New Balance Fresh Foam X Balos,New Balance,2025-01-01,77,200,none,false,4,1,4,0.54,31.9,37.8,5.9,4.5,81,11.6,14.4,23.9,17.3,23.4,35.5,4,4,,247,117.6,99.7,,,,4.7,2.5,,,,200,,2.75,95.3,72.8,24.5,,12.7,0.48,,,55.15,55.22,157.88808892257,129.48503800386,,,,,,,,,,,
new-balance-fresh-foam-x-evoz-v-4,New Balance Fresh Foam X Evoz v4,New Balance,2025-01-01,75,100,none,false,4,3,2,1.4,25.9,31.4,5.5,5,72.5,18.6,19.9,7,,,,4,5,,286,116.4,89.2,,,,4,4.8,,,,100,,2.79,93.5,72.2,27.3,,17.4,0.3,,,56.18,62.07,118.31659153563,96.54000617856,,,,,,,,,,,
new-balance-fresh-foam-x-evoz-v3,New Balance Fresh Foam X Evoz v3,New Balance,2025-01-01,75,100,none,true,2,3,2,0.63,26.4,34.3,7.9,4.1,75.5,20.6,23.6,14.4,18.3,20.6,12.6,3,4,,257,112.3,91.2,,,,4.4,5.3,,,,100,,2.89,92.9,73.6,27.6,,12.9,0.54,,,58.19,61.34,131.0169535938,101.76149141642,,,,,,,,,,,
new-balance-fresh-foam-x-kaiha-road,New Balance Fresh Foam X Kaiha Road,New Balance,2023-01-01,82,100,none,false,4,1,1,0.85,32,35.8,3.8,3.5,77.9,13.3,17.6,32.5,25.5,37.7,47.8,5,3,,281,119.2,100.1,101.8,78.6,268.3,4.3,5,,,,100,,2.86,,,,,17.5,0.53,,,59.21,61.68,132.30313293819,124.34717731907,31.1,,,,,,,,,,
new-balance-fresh-foam-x-more-v-6,New Balance Fresh Foam X More v6,New Balance,2025-01-01,86,155,none,false,2,3,4,0.82,38.5,41.8,3.3,1.9,,9.5,16,68.4,,,,3,3,,302,122.5,102,,,,3.5,7.4,,,,155,,2.96,93.5,71.3,24.4,,17.7,0.44,,,60.1,58.8,151.88335358445,143.71945961483,27.5,,,,14.7,,58,8,34,57,54
new-balance-fresh-foam-x-more-v5,New Balance Fresh Foam X More v5,New Balance,2024-01-01,85,155,none,true,5,3,3,0.65,34.3,42.1,7.8,3.2,81,8.6,11.8,37.2,30.6,38.4,25.5,4,4,,308,124.6,105,98,75.9,269,3.7,9.1,,,,155,,2.35,93.2,70.7,24.4,,18.1,0.55,,,53.63,56.56,155.84577502104,133.40092313439,25.9,,,,,,,,,,
new-balance-fresh-foam-x-tempo-v-2,New Balance Fresh Foam X Tempo v2,New Balance,2022-04-01,77,120,none,false,2,4,2,0.7,22.2,29.2,7,4.5,81,11.5,16.6,44.5,11.1,14.2,27.7,2,3,,244,105.3,82.2,,,,3.2,2.9,,,,120,,2.92,92.5,74.5,24.5,,5.7,0.41,,,62.3,67.46,114.13179940195,68.633237704355,,,,,,,,,,,
new-balance-fresh-foam-x-vongo-v-6,New Balance Fresh Foam X Vongo v6,New Balance,2024-01-01,84,150,plated-other,false,1,3,4,0.68,30.5,36.1,5.6,3.5,86.5,18.9,24,27.1,22.8,27,18.8,3,4,,312,118.3,91.7,100,78.9,272.7,4.9,7.7,,15.8,,150,,2.77,94.1,74.9,27.4,,15.3,0.48,,,54.74,57.45,119.42294831375,107.69827251971,,,,,,,,,,,
new-balance-fuel-cell-rebel-v-3,New Balance FuelCell Rebel v3,New Balance,,76,130,none,true,5,2,1,,22.7,31.7,9,3.5,81.3,9.5,15,57.9,14.4,22.4,55.6,1,3,,211,110.3,81.5,96.4,73.4,,2.8,2.9,,,,130,,2.3,,,,,,,,,,,,,,,,,,,,,,,
new-balance-fuel-cell-rebel-v-5,New Balance FuelCell Rebel v5,New Balance,2025-01-01,86,140,none,false,3,1,4,0.85,26.7,33,6.3,2.6,65,11.5,13.4,16.6,,,,2,3,,220,114.9,91.4,,,,2.6,2.9,,,,140,,2.89,96.1,75,27.9,,11.7,0.5,,,59.78,67.3,144.88763963546,104.56641535872,25.9,,,,10.8,,,,,,
new-balance-fuel-cell-super-comp-elite-v-4,New Balance FuelCell SuperComp Elite v4,New Balance,2024-01-01,83,250,carbon,true,4,2,3,0.79,28.9,38.2,9.3,2,64.4,15,15.9,5.9,38.4,39.8,3.9,4,2,,232,114.6,88.7,97.9,80.3,267.4,2.6,1.8,,31.5,,250,,2.33,96,78.4,27.3,,18.4,0.46,,,77.29,72.7,145.9662234159,113.59118532402,30.3,,31.9,,,,,,,,
new-balance-fuel-cell-super-comp-elite-v-5,New Balance FuelCell SuperComp Elite v5,New Balance,2025-01-01,85,265,carbon,false,4,1,3,1.1,28.6,39.3,10.7,3.5,,15.2,16.5,8.6,,,,4,2,,198,107,71.6,,,,3.1,1,,15,,265,,3.03,93.8,74.5,26.4,,16.2,0.61,,,74.8,74.9,143.63688595231,112.08249271464,33.8,,31.7,,12.5,,,,,,
new-balance-fuel-cell-super-comp-pacer-v-2,New Balance FuelCell SuperComp Pacer v2,New Balance,2025-01-01,84,200,carbon,false,5,2,2,0.76,25.4,32.9,7.5,2.9,74,10,12.6,26,40.1,41.4,3.2,4,2,,200,111.5,85.3,,,,2.8,2.3,,,,200,,2.34,93.6,75.9,26.6,,17.2,0.44,,,75.16,75.82,131.80613952998,96.818542687295,27.5,,29,,,,,,,,
new-balance-fuel-cell-super-comp-trainer-v-2,New Balance FuelCell SuperComp Trainer v2,New Balance,2023-01-01,76,180,carbon,true,3,1,5,0.71,30.9,39.3,8.4,2.8,73,9.6,13,35,35.4,40.2,13.6,5,3,,264,115.6,95.6,98.2,77.6,263.2,3.3,2.6,,,,180,,2.68,95.2,76.4,28.7,,,,,,,,,,,,,,,,,,,,
new-balance-fuel-cell-super-comp-trainer-v-3,New Balance FuelCell SuperComp Trainer v3,New Balance,2024-01-01,89,180,carbon,false,4,1,4,1.07,29.5,36.8,7.3,3,68.4,8.8,11.1,27.1,36.8,46.1,25.3,5,3,,278,117.7,90,99.8,78.8,266.2,2.9,3.3,,,,180,,2.65,95.9,73.5,25.9,,25.1,0.51,,,66.13,64.52,143.64926595225,117.77591953549,21.8,,27.5,,,,,,,,
new-balance-fuelcell-propel-v4,New Balance FuelCell Propel v4,New Balance,2023-03-06,84,110,none,true,4,2,5,0.5,29.2,33.7,4.5,2.5,78.8,14,18.8,33.9,24.8,26.3,6,4,3,,276,116.2,97.6,97.3,79.1,268.4,4.5,5.8,,,,110,,2.98,,,,,12.6,0.48,,,58.62,62.76,135.98226791226,113.38254135628,,,,,,,,,,,
new-balance-fuelcell-propel-v5,New Balance FuelCell Propel v5,New Balance,2024-01-01,82,120,plated-other,false,5,1,1,1.1,28.5,35.2,6.7,3.2,78.3,9.8,13.6,39.7,18.8,22.8,21.3,3,3,,269,111.8,89.1,96.7,76.3,268,4.1,5.6,,,,120,,2.54,93.1,73.9,27.1,,11,0.42,,,58.24,62.54,142.98787462823,111.33501820328,24.2,,26.3,,,,,,,,
new-balance-fuelcell-rebel-v4,New Balance FuelCell Rebel v4,New Balance,2024-01-01,84,140,none,true,4,1,5,0.81,21.5,28,6.5,3.2,81.5,8.5,12.5,47.1,13.3,16.7,25.5,2,2,,213,124.7,101.5,99.6,81.6,265.7,2.5,2.1,,,,140,,2.35,96,78.4,27.3,,8.1,0.5,,,63.07,66.81,138.71741874627,96.721152916143,23.7,,,,,,,,,,
nike-air-zoom-alphafly-next-2,Nike Alphafly 2,Nike,2022-06-15,84,275,carbon,true,5,5,,,33.9,38.6,4.7,2.1,77.6,19.1,20.8,8.5,69.7,77.8,11.6,4,1,,240,116.6,95.6,93,71.4,,1.8,3.5,,,,275,,2.53,,,,,,,,,,,,,,,,,,,,,,,
nike-air-zoom-pegasus-39,Nike Air Zoom Pegasus 39,Nike,2022-04-28,80,130,none,true,4,,,,22.3,30.3,8,3.3,85,15.5,23.25,50,20.1,31.4,56.2,2,3,,264,109.2,83.2,98,,,4.5,10,,,,130,,2.86,,,,,,,,,54.89,56.57,115.96892032935,90.03898688132,,,,,,,,,,,
nike-alphafly-3,Nike Alphafly 3,Nike,2024-01-04,93,285,carbon,false,5,1,5,3.16,29.6,38.1,8.5,1.9,82.8,18.1,21.3,17.2,71.7,75.1,4.7,4,1,,201,117.5,91.9,95.9,78.5,262,1.9,2.8,,29.3,,285,,2.56,93.3,75.3,33.7,,28.4,0.4,,,74.91,73.94,144.26267347586,112.93692472754,34.5,,47.2,,,,,,,,
nike-downshifter-12,Nike Downshifter 12,Nike,,74,70,none,true,3,,,,21.7,31.7,10,3.5,77.5,26,34,30.8,36.7,62.1,69.3,2,2,,280,111,85,100.2,,,4.4,10.1,,,,70,,2.91,,,,,13,0.22,,,56.76,60.87,112.27881074284,88.266706680907,,,,,,,,,,,
nike-downshifter-13,Nike Downshifter 13,Nike,2024-01-01,76,75,none,true,4,3,4,0.83,22.1,32.2,10.1,3.1,90.5,21.3,26,22.4,17.5,23.25,32.6,3,3,,265,111.9,88.5,99.1,77.3,270.5,4.8,10.8,,,,75,,2.53,95.1,72.6,26.9,,11.4,0.36,,,53.98,57.69,111.14816049794,84.487288887387,42.5,,,,,,,,,,
nike-downshifter-14,Nike Downshifter 14,Nike,2026-01-01,75,80,none,false,2,4,3,0.85,23.7,31.1,7.4,4.1,,,,26.6,,,,,3,,315,111.9,89.7,,,264.4,4.5,6.9,,,,80,,3,91.2,71.3,27.3,,11.3,0.69,,,50.1,57.4,121.13870381587,92.327578247623,40.3,51,,,9.8,,,,,,
nike-flex-experience-run-12,Nike Flex Experience Run 12,Nike,2024-01-01,73,75,none,false,3,3,5,4.97,19.9,25.9,6,,60.3,30.6,34.6,13.1,6.8,10.1,48.9,1,1,,241,117.6,88.6,102.5,77.7,270,4.4,4,,,,75,,2.85,96.9,71.8,28.8,,4.6,0.36,,,51.17,49.6,98.322616168171,74.275443053018,,,,,,,,,,,
nike-free-rn-nn,Nike Free RN NN,Nike,2024-01-01,72,100,none,false,2,4,5,0.82,18.7,25.6,6.9,2.5,79,26,28.6,10.1,6.1,7.5,23.4,1,1,,197,115.9,90.3,104.9,80.3,264.8,5,2,,,,100,,2.78,99.7,79.2,17.9,,4.6,0.3,,,55.25,53,100.85728693898,72.909147910788,,,,,,,,,,,
nike-free-run-50,Nike Free Run 5.0,Nike,2021-06-01,67,100,none,true,,,,,15.3,23.4,8.1,0,80.5,,,,9.6,14.2,47.9,1,1,,175,111.6,90.1,104.8,,272.1,4.2,5.1,,,,100,,2.7,,,,,,,,,,,,,,,,,,,,,,,
nike-infinityrn-4,Nike InfinityRN 4,Nike,2023-01-01,82,160,none,false,3,4,3,0.28,24.4,34.2,9.8,3.7,90.4,12.5,19,52,15.8,27.2,71.6,3,2,,316,118.4,91.2,99.9,80,259.9,3.1,5.6,,,,160,,2.18,95.3,74.1,22.4,,14.8,0.43,,,61.28,59.82,124.19120477888,96.09563437533,,,,,,,,,,,
nike-interact-run,Nike Interact Run,Nike,2024-01-01,73,85,none,false,5,5,4,1.73,20.4,29.7,9.3,3.3,89.8,20.8,26,25.3,14.4,19.35,34.8,3,3,,241,115.3,91.5,98.8,77.7,270,3.4,9,,,,85,,2.87,96.9,71.2,27.9,,12.6,0.21,,,54.23,58.49,108.28604842552,88.808369300723,,,,,,,,,,,
nike-journey-run,Nike Journey Run,Nike,2024-01-01,75,90,none,false,4,3,3,1.06,24.4,33,8.6,2.9,89.4,23.5,33.5,42.6,22.8,28.97,27.1,5,4,,298,117,91,100.4,75.4,270,3.9,13.2,,,,90,,3.08,96.3,69.8,25,,15.3,0.38,,,54.69,55.4,106.51101856487,94.17348639664,46.5,,,,,,,,,,
nike-pegasus-40,Nike Pegasus 40,Nike,2023-04-01,82,130,none,true,3,3,,,20.5,30.2,9.7,3.4,86,17.6,21,19.1,16,29.2,83,2,2,,275,111.3,83.7,100.8,75.7,,4.3,8.6,,,,130,,2.89,,,,,12.4,0.45,,,55.24,61.48,113.42884041696,86.097048593174,,,,,,,,,,,
nike-pegasus-41,Nike Pegasus 41,Nike,2024-06-01,85,140,none,true,4,3,4,0.88,22.2,33.6,11.4,3,89,15.8,21.6,37.1,19.2,26.9,40.4,2,4,,281,115.6,89.2,101.4,77.3,273.9,5.1,6.6,,,,140,,2.85,94.6,72.9,26.4,,9.4,0.25,,,55.51,61.37,125.42644992976,92.10053694613,35.2,,,,,,,,,,
nike-pegasus-41-gtx,Nike Pegasus 41 GTX,Nike,2024-01-01,82,160,none,false,1,3,4,2.2,24.4,36.3,11.9,4,81.4,19.5,26.8,37.2,23.2,29,24.9,3,3,,315,113.5,91.3,102.5,74.2,273,4.4,10.9,,,,160,,2.81,97.1,71.7,22.4,,12.6,0.41,,,56,58.5,128.8742831368,88.514374734457,36.2,,,,,,,,,,
nike-pegasus-42,Nike Pegasus 42,Nike,2026-04-09,80,145,none,false,3,1,4,0.78,22,36,14,2.6,,,,14.1,,,,,4,,286,112.3,88.1,,,271.7,5,9.1,,,,145,,2.97,96.5,72.3,27,,14.6,0.5,,,57.1,61.2,131.02725366876,90.744101633394,37.6,42.9,,,12.1,,87,4,38,58,54
nike-pegasus-easyon,Nike Pegasus EasyOn,Nike,2024-01-01,78,140,none,false,5,1,4,1.24,22,33.6,11.6,3,86.3,18.9,25.4,34.4,18.8,21.8,15.9,3,5,,286,112.6,88.9,101.7,75.4,270.6,4.1,7.7,,,,140,,2.74,93.6,72,26.6,,,,,,,,,,,,,,,,,,,,
nike-pegasus-plus,Nike Pegasus Plus,Nike,2024-01-01,84,180,none,false,3,3,5,1.17,23.6,33,9.4,2.7,80,12.3,15.4,25.5,15.6,16.9,8.7,3,4,,244,116.5,89.5,96.6,74.9,268.9,4.4,2.8,,,,180,,2.83,93.9,71.6,29.3,,10.5,0.42,,,64.41,70.77,125.04376531786,79.181579197416,33.9,,,,,,,,,,
nike-pegasus-premium,Nike Pegasus Premium,Nike,2025-01-01,83,210,none,false,5,1,5,1,31,42.8,11.8,3.2,79,18.5,20,8.1,,,,4,5,,308,108.6,90.3,,,,2.7,9.9,,21.5,,210,,2.6,91.3,70.3,29.1,,21.2,0.49,,,67.34,68.35,155.37600994406,136.01926032726,36.9,,39.9,,,,,,,,
nike-quest-5,Nike Quest 5,Nike,,76,80,none,true,3,,,,20.7,29.8,9.1,3.4,92.6,28.5,37.1,30.2,18.5,31.6,70.8,3,2,,273,107.2,86.2,98.3,69.7,,4.7,10.2,,,,80,,2.94,,,,,11,0.11,,,47.43,49.53,108.37171498239,72.108971077092,,,,,,,,,,,
nike-quest-6,Nike Quest 6,Nike,2025-01-01,78,85,none,false,3,3,5,1,23.2,35.2,12,3.8,,25,30,20,,,,2,3,,283,117.1,88.6,,,,4.1,5.8,,,,85,,3.15,94.1,72.7,26.1,,14.6,0.44,,,50.8,51.3,108.5658451851,83.479422322398,42.6,,,,12.9,,,,,,
nike-react-infinity-run-flyknit-3,Nike React Infinity Run Flyknit 3,Nike,2022-04-01,81,160,none,true,3,,,,23.3,30,6.7,2.5,78.5,15,24.37,62.5,24.9,37.2,49.2,3,2,,297,114.1,92,98.6,,,2.7,7.9,,,,160,,2.56,,,,,18.8,0.37,,,54.67,58.67,119.20229822031,95.599552594094,,,,,,,,,,,
nike-react-miler-3,Nike React Miler 3,Nike,2022-03-01,77,120,none,false,,,,,21.6,31.4,9.8,2.4,89,17.3,24.1,39.8,32.5,46.6,43.2,3,5,,297,110.9,90.1,98.2,,,3,7.9,,,,120,,2.91,,,,,,,,,,,,,,,,,,,,,,,
nike-revolution-7,Nike Revolution 7,Nike,2024-01-01,73,70,none,true,3,1,4,1.01,21,31.5,10.5,3.7,89.5,28.4,31,9.2,18.3,23.8,30.2,3,3,,281,114.7,93.1,102.2,77.7,271.2,3.6,10.1,,,,70,,2.89,95.3,72.1,25.5,,12.3,0.42,,,49.66,49.46,98.174928086865,77.099218984912,,,,,,,,,,,
nike-revolution-7-easyon,Nike Revolution 7 EasyOn,Nike,2024-01-01,68,70,none,false,5,2,4,1.25,21.8,31.7,9.9,4.1,85.1,27.1,35.3,29.9,15.3,19.6,27.9,3,4,,275,115.5,91.8,98.8,76.1,274.3,4,7.9,,,,70,,2.69,92.6,70.5,25.3,,,,,,,,,,,,,,,,,,,,
nike-revolution-8,Nike Revolution 8,Nike,2025-01-01,79,70,none,false,3,4,4,1,23,31.8,8.8,3.3,,23.5,30.88,31.4,,,,3,4,,264,112.9,90,,,,4.5,4.3,,,,70,,2.6,93.1,71.3,23.4,,9.1,0.48,,,57.1,59.9,119.83223487118,81.792900376247,44.5,,,,13,,67,7,40,53,50
nike-run-swift-2,Nike Run Swift 2,Nike,,67,70,none,false,,,,,26.2,33.7,7.5,4.4,88.5,,,,39.5,40.7,3,4,4,,291,111.8,92.1,99.3,,270.1,4.1,9,,,,70,,2.91,,,,,,,,,,,,,,,,,,,,,,,
nike-streakfly-2,Nike Streakfly 2,Nike,2025-01-01,91,180,carbon,false,5,1,4,1.7,23.3,27,3.7,2.4,43,16.4,19.6,19.5,,,,2,1,,128,102.2,70.8,,,,3,0.4,,17.4,,180,,2.4,89.7,66.7,23.1,,7,0.49,,,76.34,77.86,106.47246089799,81.943033203317,31.9,,31,,,,,,,,
nike-structure-25,Nike Structure 25,Nike,2024-01-01,82,140,none,true,3,5,4,0.85,24.6,36.7,12.1,2.3,88.5,17,20,17.6,22.1,25.8,16.7,4,4,,302,116.4,95.3,100.4,77.4,271,5,11.8,,,,140,,2.94,94.6,73.6,28.9,,15.2,0.43,,,52.99,58.35,131.26288017012,101.89317519513,,,,,,,,,,,
nike-structure-26,Nike Structure 26,Nike,2025-01-01,85,145,none,false,3,3,4,0.63,26,36.1,10.1,3.2,,16.9,21,24.5,,,,4,3,,296,114.4,92.4,,,,3.9,10.2,,,,145,,2.37,93.7,71.9,25.7,,13.8,0.37,,,57.2,59.4,132.32764324467,99.393698439519,34.9,,,,14,,58,8,35,57,53
nike-structure-plus,Nike Structure Plus,Nike,2026-01-01,87,170,none,false,4,2,4,0.9,29.7,40.9,11.2,3.4,,,,2.4,,,,4,4,,292,119.4,94.7,,,272.9,4.9,7.9,,,,170,,2.87,93.4,72.5,26,,19.3,0.51,,,58.2,65.21,139.84058173682,109.75743606629,29.5,30.2,37.7,,14.4,,,,,,
nike-vaporfly-4,Nike Vaporfly 4,Nike,2025-01-01,93,260,carbon,false,4,4,3,8.6,25.5,34.1,8.6,2.3,71.5,19.9,20,0.5,,,,4,2,,166,110.6,77,,,,2.9,2.5,,20,,260,,2.82,91.7,73.2,27.3,,18,0.45,,,78.13,74.5,137.29285939838,94.074262222599,34.7,,37.8,,,,,,,,
nike-vomero-17,Nike Vomero 17,Nike,2024-01-01,81,160,none,true,4,3,4,0.43,26.2,33.9,7.7,3.2,88.5,11.9,12.4,4.1,18.7,20.6,10.2,3,3,,282,115.2,92.5,99.2,78.3,270.8,4.2,4.9,,22,,160,,2.99,,,,,10.6,0.45,,,56.95,64.55,137.43059754824,94.826278258231,,,,,,,,,,,
nike-vomero-18,Nike Vomero 18,Nike,2025-01-01,90,150,none,false,3,3,5,1.09,28.6,42.5,13.9,3.8,85.5,15,17,13.3,,,,4,3,,298,116.6,96.5,,,,4.6,13.4,,21.5,,150,,2.83,95.6,69.6,26.2,,16,0.38,,,56.85,58.94,146.58887683603,115.52546758933,30.5,,44.3,,,,,,,,
nike-vomero-plus,Nike Vomero Plus,Nike,2025-01-01,89,180,none,false,3,3,4,0.8,32.7,42.3,9.6,2.9,,15.1,16,6,,,,4,3,,289,117,99.2,,,,3.3,11.2,,,,180,,3.06,94.6,71.1,26.2,,19.8,0.42,,,67.1,68.8,147.49262536873,130.97576948265,32.5,,,,14.5,,48,11,33,57,54
nike-vomero-premium,Nike Vomero Premium,Nike,2025-01-01,86,230,none,false,3,3,5,0.65,41.3,50.1,8.8,2.8,,15.9,19.8,24.2,,,,5,4,,326,118.4,103.2,,,,4.1,12.4,,,,230,,3.17,94.6,68.6,30.8,,21.5,0.51,,,63.3,64.4,173.37031900139,147.36221632773,34.5,,,,18.3,,,,,,
nike-winflo-10,Nike Winflo 10,Nike,2023-01-01,78,100,none,true,4,3,2,0.9,23.8,33.5,9.7,4.3,87.4,16.1,25.6,59,21.7,30.5,40.6,3,2,,269,112.5,92.5,101.9,77.7,267.5,3.9,9.3,,,,100,,2.85,,,,,14.5,0.38,,,54.38,51.63,136.39401503062,93.057016033724,,,,,,,,,,,
nike-winflo-11,Nike Winflo 11,Nike,2024-01-01,80,105,none,true,4,3,5,0.89,25.3,37.6,12.3,3.6,93,13.9,17.88,28.8,27.8,35.9,29.2,4,3,,295,108,84.6,103.8,78.8,271.1,3.6,8.2,,,,105,,2.92,92.6,72.1,24.3,,16.8,0.42,,,52.97,53.74,129.11889267638,95.227212128138,33.2,,,,,,,,,,
nike-winflo-11-gtx,Nike Winflo 11 GTX,Nike,2024-01-01,74,130,none,false,1,4,4,2.4,25.7,39,13.3,3.5,77.6,15.4,23.8,54.4,27.6,33.1,19.7,5,5,,310,109.6,83.4,101.9,75.4,271.6,3.7,8.1,,,,130,,2.73,,,,,16.9,0.41,,,56.74,54.88,127.8984997506,94.377017308745,,,,,,,,,,,
nike-winflo-12,Nike Winflo 12,Nike,2026-03-27,85,110,none,false,4,1,5,1.01,30.3,40.9,10.6,3.3,,,,30.4,,,,,3,,301,122.2,104.4,,,269.9,4.1,4.5,,,,110,,3.07,98,72.6,24.4,,13.5,0.55,,,61,61.5,139.17884481559,112.14534036111,28.3,36.9,,,12.5,,,,,,
nike-zoom-fly-6,Nike Zoom Fly 6,Nike,2025-01-01,88,170,carbon,false,3,5,5,0.76,30.1,39.7,9.6,3.2,82,16.1,17,5.6,35.5,40.8,14.9,5,4,,248,111.9,87.9,,,,3,6.1,,16.1,,170,,2.77,90.9,72.6,24.5,,21.5,0.42,,,60.96,66.96,143.78145219267,110.96685420065,36.5,,33.6,,,,,,,,
nike-zoom-x-invincible-run-flyknit-3,Nike Invincible 3,Nike,2023-02-02,83,180,none,false,4,,,,25.6,35.2,9.6,4,74.4,14.5,16,10.3,32,45.2,41.5,4,3,,284,121.8,102.1,97.7,,,2.9,7.4,,,,180,,2.95,,,,,12.1,0.48,,,68.11,69.64,131.39395850579,94.83527113404,34.7,,,,,,,,,,
nike-zoom-x-streakfly,Nike ZoomX Streakfly,Nike,2022-02-01,85,160,none,false,5,,,,25.4,31.7,6.3,3,74.1,12.1,14.1,16.5,13,15.5,19,1,1,,171,107.4,77.3,95.4,74.9,,3.9,4.8,,,,160,,2.99,,,,,5.3,0.41,,,78.15,73.96,123.94491887805,76.101184134425,,,,,,,,,,,
nike-zoom-x-vaporfly-next-2,Nike ZoomX Vaporfly NEXT% 2,Nike,2021-03-25,92,225,carbon,true,5,,,,30.9,38.6,7.7,1.8,78.5,19,,,83.7,89.2,6.6,4,1,,196,107.8,74.9,93.8,,,,0.9,,,,225,,2.61,,,,,,,,,,,,,,,,,,,,,,,
nike-zoom-x-vaporfly-next-3,Nike Vaporfly 3,Nike,2023-03-06,91,250,carbon,true,5,1,5,0.16,26,37.1,11.1,1.9,56.1,16.8,21.8,29.5,56.1,59.7,6.5,4,3,,190,107.6,76.6,94.5,78.6,266.3,3.3,2.5,,,,250,,2.89,94.3,73.1,32.5,,18.4,0.51,,,75.01,75.93,130.94318375257,88.731144631766,37.8,,37.7,,,,,,,,
nobull-allday-knit,NOBULL Allday Knit,NOBULL,,63,159,none,false,3,,,,19.8,31.8,12,4.1,87,30.9,32.1,4,17.7,20.8,17.8,3,1,,301,104.9,84.8,92.1,,,2.6,1.1,,,,159,,,,,,,,,,,,,,,,,,,,,,,,,
nobull-allday-ripstop,NOBULL Allday Ripstop,NOBULL,,75,139,none,false,3,,,,19.9,31.3,11.4,4,88,27.5,30.3,10.2,17.4,23.9,37,3,1,,297,105,85.9,92,,,3.4,1.5,,,,139,,2.93,,,,,,,,,,,,,,,,,,,,,,,
on-cloud-waterproof,On Cloud Waterproof,On,2023-01-01,64,150,none,false,1,3,1,0.8,20.4,30.2,9.8,3.7,83,34.5,40.8,18.1,15.6,23.7,52.1,3,3,,272,103.3,79.6,96.2,79.1,264.7,5.3,5.2,,,,150,,2.33,91.1,73.3,23.4,,,,,,,,,,,,,,,,,,,,
on-cloud-x,On Cloud X,On,2017-11-01,75,140,none,false,4,3,1,0.79,17.8,27.9,10.1,3,82.1,33.5,40.4,20.6,10.4,19,82.7,2,2,,240,115.5,91.7,102.7,81.7,264.9,6.2,5,,,,140,,2.92,,,,,10.4,0.43,,,49.08,49.12,92.916078198171,56.956041327304,,,,,,,,,,,
on-cloudboom-echo-3,On Cloudboom Echo 3,On,2023-01-01,84,290,carbon,false,5,2,2,1.33,28.4,38.6,10.2,2.4,74.9,23.5,25.6,8.9,48.5,57.1,17.8,5,2,,225,107,78.1,94.7,73.5,270,2.9,2.3,,,,290,,2.71,92.2,70.4,27,,22,0.38,,,72.81,71.4,132.92569453675,108.02285763668,,,,,,,,,,,
on-cloudboom-max,On Cloudboom Max,On,2026-01-01,86,230,plated-other,false,4,3,5,0.68,30,39.2,9.2,2.7,,18.6,19.8,6.2,,,,4,5,,286,117.2,101.5,,,272,1.9,1.1,,31.5,,230,,3,94.6,76.9,28.1,,19.1,0.64,,,61.4,69.7,126.10340479193,111.42061281337,33.8,,49.6,,18.8,,,,,,
on-cloudboom-strike,On Cloudboom Strike,On,2025-01-01,90,280,carbon,false,4,1,4,1,34.9,38.1,3.2,1.6,,16.9,17.9,5.9,,,,5,1,,201,114.1,84.8,,,,6.6,1.2,,24.38,,280,,3.14,95.6,73.4,27.2,,17.8,0.62,,,72.1,73.4,138.67702121758,127.24265173686,34.2,,29.7,,15.4,,,,,,
on-cloudeclipse,On Cloudeclipse,On,2023-01-01,84,180,none,false,4,3,1,0.47,30.5,39.9,9.4,2.9,87.4,27.3,32.3,18.3,28,37.7,34.6,4,3,,272,112.4,92,98.6,79.7,267.6,4.1,4.8,,,,180,,3.12,95.3,71.5,28.8,,18.1,0.45,,,55.06,55.92,141.05765026166,123.90345442831,47.2,,,,,,,,,,
on-cloudflow-4-0,On Cloudflow 4,On,2023-01-01,83,160,none,true,4,3,2,0.99,28.2,36.1,7.9,3.7,85.4,28.3,33,16.8,22,28.4,29.2,4,2,,245,110,89.7,95.7,79.4,266.5,4.1,2.5,,33,,160,,2.83,95.2,73.9,25.3,,15.7,0.41,,,56.26,55.82,125.04063820742,105.58658628008,,,,,,,,,,,
on-cloudflow-5,On Cloudflow 5,On,2026-01-01,74,180,plated-other,false,2,4,5,1.31,28.7,32.8,4.1,2.7,,26.8,32.8,22.4,,,,4,3,,271,107.7,82.2,,,267.8,4.4,6.4,,31.4,,180,,,92.7,77.2,24.5,,20.7,0.52,,,46.9,46.8,122.86521685711,122.24938875306,48.3,,51.5,,18.4,,,,,,
on-cloudflyer-4,On Cloudflyer 4,On,2023-01-01,77,170,none,true,4,1,1,1.17,23.5,33.3,9.8,2.9,85,31.6,39,23.3,15.4,19.4,25.9,3,3,,308,116.3,90.3,97.3,80.3,265.7,4.2,10.6,,25.3,,170,,2.32,,,,,,,,,,,,,,,,,,,,,,,
on-cloudflyer-5,On Cloudflyer 5,On,2024-01-01,78,170,none,false,4,4,4,0.76,25.3,33.2,7.9,4,83.3,28,37,32.1,28.9,42.45,47,4,3,,329,119,100.1,98.2,78.4,270,4.8,9.9,,37,,170,,3.02,,,,,14.8,0.41,,,48.28,50.53,108.47045807074,88.512807803289,,,,,,,,,,,
on-cloudgo,On Cloudgo,On,2023-01-01,79,150,none,false,3,1,1,0.72,22.6,33.8,11.2,2.8,84,28.1,34.3,21.8,14,21.5,53.2,3,2,,259,111.6,90.9,95,77.7,264.6,4,9.8,,,,150,,2.56,94,74,25.5,,,,,,,,,,,,,,,,,,,,
on-cloudmonster,On Cloudmonster,On,2022-03-31,84,170,none,true,5,,,,28.1,34.9,6.8,3.7,78.5,25.8,35.3,36.9,34.4,59.8,74.1,3,1,,280,109,86.2,97.3,,,3.4,1,,,,170,,2.53,,,,,17,0.46,,,56.99,59.44,134.83085469279,107.88301166215,47.5,,,,,,,,,,
on-cloudmonster-2,On Cloudmonster 2,On,2024-01-01,85,180,plated-other,true,2,5,3,0.85,31.3,37.9,6.6,3.3,85.4,26.5,31.6,19.4,31.2,37.9,21.3,3,3,,292,117.2,86.3,102.3,84.4,271.7,4.7,1.5,,40,,180,,3.51,98.5,74.5,25.3,,17.9,0.5,,,56.48,60.32,136.99005452204,114.83429411359,49.6,,61.1,,,,,,,,
on-cloudmonster-3,On Cloudmonster 3,On,2026-03-05,82,190,plated-other,false,2,1,5,0.66,32.2,38.6,6.4,3.2,,,,9.8,,,,4,4,,301,113.7,90.2,,,270.3,4.4,5.3,,,,190,,2.85,94.3,71,25.4,,20.5,0.51,,,58.7,56.75,122.57906349595,119.27480916031,49.9,54.8,,,16.7,,,,,,
on-cloudmonster-3-hyper,On Cloudmonster 3 Hyper,On,2026-03-19,90,220,none,false,2,3,5,0.53,34.2,43.4,9.2,3.2,,,,7,,,,5,4,,264,118.6,94.8,,,269.8,3.9,2.9,,,,220,,3.06,95,72.8,27.5,,21.2,0.5,,,66.1,69.39,138.94678338196,121.5362177929,37.2,39.8,51.2,,17,,,,,,
on-cloudmonster-hyper,On Cloudmonster Hyper,On,2024-01-01,79,220,none,true,3,3,1,0.62,33,39.7,6.7,2.8,86,17.5,21.25,21.4,23.2,30.4,30.8,4,3,,258,114.8,87.9,104.9,80.3,270.1,4.4,2.6,,28.8,,220,,3.24,97.9,73.3,26.6,,15.8,0.41,,,54.43,60.24,138.32597900212,118.15582390056,34.9,,52.3,,,,,,,,
on-cloudmonster-void,On Cloudmonster Void,On,2026-01-01,68,180,plated-other,false,4,3,2,0.8,25.1,35.9,10.8,3.3,,29.1,34.5,18.6,,,,4,3,,289,109.9,86.8,,,271.7,4.3,3.1,,,,180,,2.92,97.2,74.1,23.3,,13.6,0.62,,,55.5,58.4,129.14890869172,108.35410120273,50.3,,,,16.5,,,,,,
on-cloudrunner,On Cloudrunner,On,2022-04-21,78,150,none,true,4,,,,20.9,33.3,12.4,3,75,31.2,39.5,26.7,34.2,63.2,84.8,3,2,,294,113.8,89.1,97.3,,,4.6,10.1,,,,150,,2.63,,,,,15.7,0.36,,,57.48,61.2,118.24803708258,72.092335863774,,,,,,,,,,,
on-cloudrunner-2,On Cloudrunner 2,On,2024-01-01,82,150,none,true,4,3,3,1.08,25.1,33.6,8.5,3.7,85.4,27.3,31.75,16.5,21.1,28.5,34.8,3,5,,275,117.9,93.8,97.8,78.9,273.6,4.7,9,,,,150,,3.23,94.6,72.4,27.5,,18.2,0.45,,,57.15,59.37,125.63287561089,98.058442831928,48.6,,,,,,,,,,
on-cloudrunner-2-waterproof,On Cloudrunner 2 Waterproof,On,2024-01-01,73,170,none,false,1,3,1,0.84,27.5,35.8,8.3,3,84.5,28.1,34.3,22.1,26.3,31.1,18.3,5,5,,323,119,96.2,100.3,78.6,273,4.2,8,,,,170,,2.93,92.5,71,25.4,,,,,,,,,,,,,,,,,,,,
on-cloudrunner-3,On Cloudrunner 3,On,2026-01-01,76,160,none,false,2,3,2,0.56,28.7,36.8,8.1,3.4,,,,11.7,,,,,4,,298,118.3,97.8,,,272.6,4.4,7.2,,,,160,,2.91,95.5,71,25.2,,19.3,0.68,,,53.2,57,129.68486577616,107.31916720326,43.6,48.7,,,19,,52,10,40,51,47
on-cloudstratus,On Cloudstratus,On,2019-06-01,79,170,none,true,3,1,1,1.38,24.1,33.8,9.7,2.8,82.4,29.9,34.8,16.5,23.8,37.2,56.3,3,3,,293,117.9,89.3,100,80.4,267.3,4.6,7.8,,,,170,,3.02,,,,,,,,,,,,,,,,,,,,,,,
on-cloudstratus-3,On Cloudstratus 3,On,2023-01-01,86,180,none,false,4,2,4,0.67,26.2,35.3,9.1,2.8,84.4,27.6,34.8,26.1,25.1,36.2,44.2,4,2,,296,115.4,90.3,101,81.8,269.2,4.6,9.6,,,,180,,3.11,98.1,73.8,27.1,,17.6,0.45,,,56.29,59.57,122.79430725592,95.078725184453,,,,,,,,,,,
on-cloudsurfer-2,On Cloudsurfer 2,On,2025-01-01,80,160,none,true,3,3,4,0.63,27.1,37.5,10.4,3,85,25.5,30,17.6,,,,3,3,,254,113.6,88.8,,,,4.5,10.6,,,,160,,2.51,93.6,73.5,28,,11.5,0.39,,,52.58,54.07,136.56724571179,100.49948242767,43.8,,,,,,,,,,
on-cloudsurfer-7,On Cloudsurfer 7,On,2023-03-23,83,160,none,true,3,1,1,0.95,21.7,36.3,14.6,3,83.3,20.4,30.9,51.5,12.5,20.4,62.8,1,2,,237,114.9,88.3,98.9,78.6,265.8,4.2,10.5,,,,160,,2.77,,,,,6.6,0.43,,,56.28,60.8,139.35728420525,83.946140156476,,,,,,,,,,,
on-cloudsurfer-max,On Cloudsurfer Max,On,2025-01-01,76,180,none,false,2,2,2,1,29.4,37.3,7.9,3.2,,21.9,28,27.9,,,,3,3,,292,115.5,95,,,,3.1,1.5,,,,180,,2.76,96.1,71.4,26.2,,18.2,0.53,,,48.3,49.4,141.06361969248,119.99040076794,43.8,,,,14.2,,,,,,
on-cloudsurfer-next,On Cloudsurfer Next,On,2024-01-01,82,150,none,false,2,3,1,1.06,29.3,33.8,4.5,2.5,84.5,31.8,38.8,22,30.3,34.6,14.2,4,3,,264,111.6,84.5,97.3,77.2,270.6,4.7,10.7,,,,150,,2.85,94.7,71.3,26.8,,21.1,0.34,,,55.99,56.68,113.25028312571,101.83817913336,54,,,,,,,,,,
on-cloudswift-3,On Cloudswift 3,On,2023-03-01,82,160,none,true,4,4,,,24.3,34,9.7,2.9,85.3,,,,26.5,47,77.2,4,1,,309,112.5,92.7,96.6,72.6,263.4,4.8,2.1,,,,160,,2.53,94.9,73.1,27.1,,14.1,0.25,,,51.9,57.23,112.6024682461,78.627478731267,,,,,,,,,,,
on-cloudswift-4,On Cloudswift 4,On,2025-01-01,76,170,plated-other,false,4,3,4,0.8,22.3,32.7,10.4,3.5,,36.1,45.1,24.9,,,,3,2,,291,114.9,93.8,,,,4.2,1.6,,26,,170,,3.02,93.8,68.9,33.5,,10.7,0.52,,,57.6,58.7,127.51849018108,78.173858661664,51.3,,32.1,,15.8,,,,,,
ortuseight-solar-2-0,Ortuseight Solar 2.0,Ortuseight,2026-01-01,83,130,carbon,false,5,3,3,1.34,26.7,38.7,12,1.7,,,,11.6,,,,,2,,179,110.5,82.5,,,267.1,2.1,0.6,,,,130,,,91.9,71.9,28.8,,22.8,0.67,,,60.2,69.1,156.07928827845,113.34013374136,31.1,34.7,23.5,,14,,,,,,
puma-deviate-nitro,PUMA Deviate Nitro,PUMA,2021-04-04,77,160,carbon,true,,,,,27.3,35.7,8.4,4.5,,,,,,,,5,,,256,108,85.5,98.5,,,3.4,3.2,,,,160,,2.93,,,,,,,,,,,,,,,,,,,,,,,
puma-deviate-nitro-2,PUMA Deviate Nitro 2,PUMA,,84,160,carbon,true,4,,,,26.1,31.7,5.6,3.7,77,16.6,21.5,29.4,58.8,79,34.3,3,2,,257,111.2,92.3,96.3,75,,4.4,4.5,,,,160,,2.88,,,,,16.9,0.59,,,58.52,63.16,129.6260289066,94.116761254012,,,,,,,,,,,
puma-deviate-nitro-3,PUMA Deviate Nitro 3,PUMA,2024-01-01,85,160,carbon,true,3,3,3,1.53,27.3,37.4,10.1,3.2,72,18,23.38,29.9,35.6,50.4,41.7,4,2,,268,109.3,82.7,95.4,76.3,270.1,5,4.7,,19,,160,,2.43,91.5,69.7,24.6,,20.6,0.65,,,60.72,63.36,132.01668690923,99.655193032109,37.7,,37.1,,,,,,,,
puma-deviate-nitro-4,PUMA Deviate Nitro 4,PUMA,2026-02-26,85,170,plated-other,false,4,1,1,0.64,26.6,33.6,7,3.3,,,,17.8,,,,,3,,247,112.9,85.4,,,268.8,3.5,5.5,,,,170,,3.22,93.8,70.6,26.1,,22.7,0.81,,,58.1,70,130.44612575007,101.57440325038,33.2,39.1,19.9,,14.5,,71,6,28,66,63
puma-deviate-nitro-elite,PUMA Deviate Nitro Elite,PUMA,2021-04-01,79,200,carbon,true,5,1,4,,25.4,31.1,5.7,1.9,71.8,14.8,19.9,34.7,41,57.3,39.8,5,1,,200,109.8,84.7,91.6,72.8,263.5,3.3,5.1,,,,200,,2.88,,,,,,,,,62.22,64.82,127.97215325945,98.680639845269,,,,,,,,,,,
puma-deviate-nitro-elite-3,PUMA Deviate Nitro Elite 3,PUMA,2024-01-01,84,230,carbon,true,4,1,5,1.61,28.6,39.2,10.6,2.6,72.6,15.1,19,25.8,51.4,52.17,1.5,5,1,,204,108,82.7,95.7,76.1,264.9,2.8,6.1,,18.25,,230,,2.99,94.4,69.5,26.5,,18.1,0.67,,,77.13,76.31,146.74590945777,123.69654762936,35.5,,31.8,,,,,,,,
puma-deviate-nitro-elite-4,PUMA Deviate Nitro Elite 4,PUMA,2026-02-12,89,250,carbon,false,5,1,4,0.8,28.3,37.2,8.9,2.1,,,,5.7,,,,,1,,173,105.9,78.8,,,262.2,2.6,3.8,,,,250,,2.79,93.6,74.8,26.5,,21.1,0.69,,,77.4,77.2,148.38996883811,118.30119484207,37,39.1,,,16.7,,,,,,
puma-fast-r-nitro-elite-2,PUMA Fast-R Nitro Elite 2,PUMA,2024-01-01,78,260,carbon,true,5,1,5,1.01,31.9,39.7,7.8,3,74,19.5,21.3,9,84.4,100.6,19.2,5,1,,264,114.2,86.6,96.9,60.4,270.2,4.3,1.3,,,,260,,3.04,,,,,20.8,0.62,,,68,76.7,150.98441840802,116.02408660038,,,,,,,,,,,
puma-fast-r-nitro-elite-3,PUMA Fast-R Nitro Elite 3,PUMA,2025-06-04,92,300,carbon,false,4,1,2,3.1,30.2,38.5,8.3,1.5,,20.1,20.5,2,,,,5,1,,173,111.6,80,,,,3.5,0.4,,19.8,,300,,3.08,92.9,72.3,26.3,,23.1,0.71,,,80.4,82.6,148.34594273847,123.68583797155,36.1,,33.7,,13.2,,,,,,
puma-forever-run-nitro,PUMA ForeverRun Nitro,PUMA,2024-01-01,84,150,none,true,4,3,2,1.79,26.1,36.1,10,4.5,75.3,19.1,22.8,18.9,22.6,31.53,39.5,3,2,,274,121.3,101.8,97.9,77.9,270.2,5.3,5.3,,,,150,,3.09,,,,,12.8,0.61,,,59.81,63.51,133.01586879315,108.15487778499,38.2,,,,,,,,,,
puma-foreverrun-nitro-2,PUMA ForeverRun Nitro 2,PUMA,2025-01-01,85,150,none,false,4,4,3,1,26.5,35.3,8.8,3.6,,19.5,24,23.1,,,,2,2,,291,121.3,97.6,,,,5.5,1.2,,,,150,,2.98,92.9,73.1,28.1,,10.8,0.63,,,60.5,63.6,139.37282229965,104.94280617064,42.7,,30.5,,9.3,,,,,,
puma-mag-max-nitro-2,PUMA MagMax Nitro 2,PUMA,2025-12-01,83,180,none,false,4,3,3,0.9,35,45.5,10.5,3.1,,,,16,,,,5,3,,269,122.9,96.7,,,270.4,3.9,9.1,,,,180,,3.08,93.4,70.4,29.3,,22,0.77,,,50.1,54.6,141.22299110295,136.59336156263,38.1,44.2,,,13.1,,,,,,
puma-magmax-nitro,PUMA MagMax Nitro,PUMA,2024-01-01,81,180,none,true,4,3,3,1.35,33.3,42.9,9.6,3.5,74,18.3,28.3,54.8,31.5,31.48,0,5,3,,291,126.9,105.8,98.3,77.6,268,3.3,7.1,,,,180,,2.92,97.1,72.3,26.4,,17.9,0.6,,,55.55,57.27,147.64070158861,138.58477230522,41.3,,,,,,,,,,
puma-magnify-nitro-2,PUMA Magnify Nitro 2,PUMA,2024-01-01,82,150,none,true,2,5,1,0.92,27.8,37.1,9.3,4.2,78.5,19.3,25.3,30.8,30,32.5,8.3,4,3,,281,118.1,96.9,97.7,76.7,268,5.5,8.3,,,,150,,3.81,93.3,70.1,24.7,,15,0.56,,,54.73,58.49,130.9157557112,112.35576328888,,,,,,,,,,,
puma-magnify-nitro-3,PUMA Magnify Nitro 3,PUMA,2025-01-01,91,160,none,false,5,5,3,1.3,25.9,37.4,11.5,3.8,,14.5,15.5,6.9,,,,3,3,,261,112.6,91.6,,,,5.3,6.3,,,,160,,3.25,96,72.3,26,,17.8,0.61,,,65.2,73.6,135.64839934889,99.009900990099,32.3,,,,9.7,,,,,,
puma-velocity-nitro-2,PUMA Velocity Nitro 2,PUMA,2022-03-15,81,120,none,true,,,,,24.6,35.4,10.8,4.9,68.5,,,,31.2,42.5,36.2,,,,264,110.9,89.3,109.1,,,5.4,4.8,,,,120,,3,,,,,,,,,,,,,,,,,,,,,,,
puma-velocity-nitro-3,PUMA Velocity Nitro 3,PUMA,2024-01-01,85,135,none,true,4,3,4,1.02,25.5,34.8,9.3,3,72.8,17.9,20.9,16.8,25.4,28.2,11.1,3,3,,264,107.7,89.8,99.4,76.1,271.7,5.9,3.2,,36,,135,,2.94,93,70.4,25.7,,14.8,0.6,,,56.23,58.22,127.24912834347,98.702067808321,35.8,,64,,,,,,,,
puma-velocity-nitro-4,PUMA Velocity Nitro 4,PUMA,2025-01-01,93,140,none,false,3,3,3,1.1,24,33.7,9.7,3.9,,20,28.13,40.7,,,,2,3,,224,109.1,89.5,,,,5.2,4.1,,,,140,,2.97,93,71.6,25.9,,8.9,0.65,,,67.5,74.2,136.16557734205,99.860195725984,41.8,,,,7.8,,,,,,
reebok-floatride-energy-5,Reebok Floatride Energy 5,Reebok,2023-03-31,79,110,none,false,2,1,3,0.84,24.2,30.2,6,3.1,80.5,26.5,28.8,8.5,18.2,21.9,20.3,2,2,,254,109.8,94.7,99.3,77.1,267.8,3.7,8,,,,110,,3.35,,,,,,,,,,,,,,,,,,,,,,,
reebok-floatzig-1,Reebok FloatZig 1,Reebok,2024-01-01,78,130,none,false,3,3,2,2.01,29.8,36.8,7,4.1,80,22.5,28.4,26.2,19.2,20.7,7.8,3,3,,285,117,103.6,100.4,78.6,273,4.4,8.1,,,,130,,2.9,97.4,71.2,23.7,,14,0.39,,,59.61,60.7,129.65964343598,112.62022208708,44.1,,,,,,,,,,
reebok-lite-3,Reebok Lite 3,Reebok,,73,65,none,false,2,,,,19.3,32.7,13.4,0,75.5,22.5,32,42.2,24.4,39.6,62.3,2,2,,248,117.7,88.5,99.3,,,5.5,3.9,,,,65,,2.92,,,,,,,,,,,,,,,,,,,,,,,
reebok-zig-dynamica-5,Reebok Zig Dynamica 5,Reebok,2025-01-01,72,90,none,false,4,2,1,0.8,27.8,34.1,6.3,3.4,,24.3,32,32,,,,5,3,,298,106.8,96.7,,,,5.6,5,,,,90,,2.8,94.3,70,23.7,,18.1,0.55,,,48.7,52.4,115.43345261457,99.196508282908,,,,,,,,,,,
salomon-aero-glide,Salomon Aero Glide,Salomon,2023-03-01,77,160,none,true,4,3,2,0.75,24.2,35.2,11,3.2,91.9,20.6,24.5,18.8,23,29.4,28,4,3,,264,121.7,97.3,98.5,76.2,274.5,4,6.9,,,,160,,3.08,,,,,,,,,,,,,,,,,,,,,,,
salomon-aero-glide-2,Salomon Aero Glide 2,Salomon,2024-01-01,81,160,none,true,4,4,3,1.08,24.2,35.5,11.3,3.4,81.9,22.5,26.9,19.5,24.4,30.88,26.7,5,3,,268,120.6,97.5,99.8,76.4,270.3,4.1,7.9,,,,160,,3.08,,,,,16.9,0.47,,,50.71,53.96,118.23265822485,91.784380134189,,,,,,,,,,,
salomon-aero-glide-3,Salomon Aero Glide 3,Salomon,2025-01-01,86,160,none,true,4,1,3,1.42,31.9,42.2,10.3,3.9,79.5,21,24,14.3,,,,4,2,,248,120.3,96.2,,,,4.1,6.4,,,,160,,3.41,92.8,70.8,28.8,,16,0.49,,,67.95,66.54,155.61780267663,120.99652739966,40,,,,,,,,,,
salomon-aero-glide-4,Salomon Aero Glide 4,Salomon,2026-02-08,92,160,none,false,3,2,5,1.42,31.5,43.2,11.7,3.8,,,,5.7,,,,,2,,255,121.7,94.2,,,264,4.8,3.9,,,,160,,2.7,95.7,71.2,28.1,,18.3,0.65,,,72.2,73.2,151.51515151515,119.7174667784,38.5,40.7,,,16.6,,,,,,
salomon-s-lab-phantasm-2,Salomon S/Lab Phantasm 2,Salomon,2023-10-01,80,275,carbon,false,3,1,4,0.88,26.4,31.5,5.1,1.6,,13.5,16.4,21.5,,,,5,1,,213,108.6,74.9,,,,2,4.9,,,,275,,,94.1,72.1,27.4,,13.5,0.58,,,57.8,62.1,141.82385477237,114.32491139819,,,,,,,,,,,
salomon-s-lab-spectur,Salomon S/Lab Spectur,Salomon,2025-01-01,77,220,carbon,false,3,2,3,0.86,26.2,36.9,10.7,2.8,,23,26.6,15.7,,,,5,2,,258,107.9,90.4,,,,3.9,5.2,,13.5,,220,,,94.7,73.3,26,,19.5,0.61,,,55.5,55.8,138.14062715845,97.465886939571,,,,,,,,,,,
salomon-spectur-2,Salomon Spectur 2,Salomon,2025-01-01,73,170,carbon,false,2,3,2,0.89,24.9,35.9,11,2.7,,20.2,27,33.7,,,,5,2,,258,107.9,90.8,,,,3.9,6,,,,170,,,95,73.9,25.8,,19.5,0.54,,,53.1,53.2,128.81617931212,91.717875813996,,,,,,,,,,,
saucony-axon-2,Saucony Axon 2,Saucony,2022-04-15,76,100,none,true,4,1,,,27.5,35.3,7.8,4.1,85.3,22.3,25.9,16.1,39.9,51.3,28.7,4,4,,282,113.2,87.6,96.9,67.6,,4.2,5.8,,,,100,,2.29,,,,,,,,,,,,,,,,,,,,,,,
saucony-axon-3,Saucony Axon 3,Saucony,2023-02-02,80,100,none,false,4,2,5,0.69,27.9,33.6,5.7,3.9,82.8,18.3,22,20.2,30.4,35.8,17.6,4,3,,244,108.8,95.7,100.4,77.7,269,4.7,5,,,,100,,2.81,97.4,71.8,29.1,,,,,,,,,,,,,,,,,,,,
saucony-endorphin-azura,Saucony Endorphin Azura,Saucony,2026-02-01,91,150,none,false,4,2,5,0.5,32.7,40.7,8,2.3,,,,4,,,,5,3,,241,123.4,91.6,,,270,4.4,4.3,,,,150,,3.26,94,72.2,28.3,,16.6,0.51,,,70.6,74.7,137.32491073881,122.26433549334,40.2,41.8,,,14.5,,,,,,
saucony-endorphin-elite,Saucony Endorphin Elite,Saucony,2023-02-21,85,275,carbon,true,5,1,4,0.18,31.9,39.9,8,1.4,63.1,17.9,21,17.5,64.5,77.5,20.1,5,1,,203,118.3,91.3,99.6,79.1,261.3,5.2,0.9,,,,275,,3.06,,,,,23.1,0.42,,,68.99,74.52,144.83937313519,121.77004943864,,,,,,,,,,,
saucony-endorphin-elite-2,Saucony Endorphin Elite 2,Saucony,2025-01-01,91,290,carbon,true,5,5,4,0.48,32.4,39.9,7.5,1.2,40,6.5,8.3,26.9,,,,4,1,,197,116.2,90.6,,,,4.8,1.5,,4,,290,,2.32,95.6,71,29.5,,17.5,0.48,,,80.58,82.07,157.07217466426,123.31824740107,22.3,,8.8,,10.4,,,,,,
saucony-endorphin-elite-3,Saucony Endorphin Elite 3,Saucony,2026-06-01,92,290,carbon,false,,1,3,0.52,34.1,39.8,5.7,1.7,,,,7.1,,,,,1,,210,116.2,94.2,,,263.5,5.1,1.2,,,,290,,,93.8,71.8,27.5,,18.2,,,,80.6,81,159.77248398281,130.68991204569,15.5,16.6,,,10,,77,,,,65
saucony-endorphin-pro-4,Saucony Endorphin Pro 4,Saucony,2024-01-01,90,225,carbon,true,5,4,5,0.63,28.6,38.1,9.5,2.1,85.3,22,23.1,5.1,69.1,75.4,9,4,1,,220,118.9,89.2,99,78.1,267.1,6.1,1.7,,18.5,,225,,2.76,96.5,72.5,27.7,,25.7,0.52,,,71.72,71.47,138.53101709473,103.21408665855,35.1,,33.5,,,,,,,,
saucony-endorphin-pro-5,Saucony Endorphin Pro 5,Saucony,2026-01-01,91,225,carbon,false,3,1,3,0.6,27.8,36.5,8.7,1.6,,,,9.9,,,,5,2,,215,120.1,91.2,,,269.9,4.3,1,,,,225,,2.75,95.2,69.3,27.8,,26.1,0.68,,,72.8,75.81,137.02384214853,106.95187165775,33.3,36.6,29.8,,15.8,,,,,,
saucony-endorphin-shift-3,Saucony Endorphin Shift 3,Saucony,2022-10-04,83,150,none,false,4,,,,33.1,39.6,6.5,2.8,81,22,30.5,38.6,43.9,53.9,22.7,3,3,,272,110.8,93,94.2,,,6.9,2.9,,,,150,,2.96,,,,,,,,,,,,,,,,,,,,,,,
saucony-endorphin-speed-2,Saucony Endorphin Speed 2,Saucony,2021-06-15,85,160,none,true,3,,,,26.1,35.3,9.2,2.9,79.5,,,,39.6,46.9,18.4,3,3,,229,109.2,85,98.9,,,4.1,6.4,,,,160,,2.49,,,,,,,,,,,,,,,,,,,,,,,
saucony-endorphin-speed-3,Saucony Endorphin Speed 3,Saucony,2022-07-01,86,160,none,true,4,,,,26.7,34.1,7.4,2,77,13.8,14.5,5.1,23.5,31,31.9,2,2,,225,111.5,89.5,98.5,,,3.6,3.9,,,,160,,2.62,,,,,10.5,0.48,,,74.48,75.48,131.03240431359,95.502774355595,,,,,,,,,,,
saucony-endorphin-speed-4,Saucony Endorphin Speed 4,Saucony,2024-01-01,89,170,plated-other,true,5,3,5,0.84,27.5,36.2,8.7,2,77,22.3,23.5,5.6,29.4,30.3,3.2,3,3,,237,114.7,93.4,101.7,77.5,269.3,5.1,2,,,,170,,2.62,96.9,69.9,29.8,,13.5,0.5,,,71.98,73.4,135.39494706058,109.5026390136,38.9,,36.2,,,,,,,,
saucony-endorphin-speed-5,Saucony Endorphin Speed 5,Saucony,2025-01-01,94,175,plated-other,false,5,2,5,0.97,26.8,37.4,10.6,2.5,71.1,18.5,24.2,30.6,,,,4,4,,241,118.1,95,,,,4.7,5.7,,,,175,,2.64,93.8,72.9,29.3,,12.9,0.52,,,73.24,78.16,131.76272169078,107.57430695253,44.5,,40,,13.5,,,,,,
saucony-endorphin-trainer,Saucony Endorphin Trainer,Saucony,2025-01-01,82,180,carbon,false,5,3,3,0.7,32,38.9,6.9,3.1,81.8,5.9,6.1,3.4,,,,5,2,,285,121.7,100.1,,,,7.2,6.5,,37.8,,180,,3,92.3,70.1,28.9,,25.6,0.46,,,68.82,76.3,138.35660030162,111.9281868753,19.6,,55.7,,,,,,,,
saucony-freedom-4,Saucony Freedom 4,Saucony,2021-03-01,73,150,none,false,,,,,21.2,26.4,5.2,2.8,,,,,,,,2,,,227,111.8,80.1,99.7,,,4,3.5,,,,150,,3.2,,,,,,,,,,,,,,,,,,,,,,,
saucony-guide-16,Saucony Guide 16,Saucony,2023-02-08,81,140,none,true,3,,1,,24.8,32.6,7.8,3.9,92,20,25,25,20.5,30.2,47.7,2,5,,275,114.4,85.8,100.1,73.3,,6.3,7.7,,,,140,,2.94,,,,,,,,,,,,,,,,,,,,,,,
saucony-guide-17,Saucony Guide 17,Saucony,2024-01-01,84,140,none,true,3,3,5,0.64,27.9,34.9,7,3,88.8,22.3,27.6,24.2,22.2,25.7,15.5,3,4,,275,121,104.6,102.1,80.7,266.5,6.7,4,,,,140,,2.95,97.8,73.7,29.3,,10,0.44,,,59.43,63.51,126.72665061462,121.72410015459,,,,,,,,,,,
saucony-guide-18,Saucony Guide 18,Saucony,2025-01-01,82,140,none,true,5,4,2,0.6,27.7,36,8.3,3.4,87.5,23,24.9,8.3,25.6,30.3,18.4,4,2,,278,121.9,105,,,,6.1,4.1,,,,140,,2.63,96.3,73.6,34.3,,13.2,0.51,,,61.29,61.97,124.25601709763,119.35453069799,38.3,,,,,,,,,,
saucony-guide-19,Saucony Guide 19,Saucony,2025-12-01,84,140,none,false,5,5,2,0.55,31.4,37.4,6,3.2,,,,18.4,,,,,3,,298,120,104.2,,,276,6.5,3.9,,,,140,,2.93,96.2,72.8,26.8,,11.1,0.61,,,54.8,61.4,143.6988072999,133.17352510321,30.5,36.1,,,10.7,,93,4,38,59,55
saucony-hurricane-24,Saucony Hurricane 24,Saucony,2024-01-01,88,160,none,true,5,1,2,1.02,34.2,40.5,6.3,2.8,85,12.5,17.1,37,30.2,34.15,13.1,4,3,,315,127.9,103.1,102,79.9,271,6.7,8.4,,22.75,,160,,2.4,97.9,73.7,26.6,,17.9,0.49,,,59.76,62.54,141.81379848259,134.52432199742,31.5,,55.2,,,,,,,,
saucony-hurricane-25,Saucony Hurricane 25,Saucony,2025-01-01,90,170,none,false,2,3,3,0.9,33.1,40.2,7.1,3.3,,16.6,20,20.5,,,,4,4,,286,124.4,102.2,,,,6,10.5,,21,,170,,2.83,95.1,72.9,28.1,,15.5,0.54,,,68.4,74,150.69318866787,140.46916701784,33.6,,44.9,,13.4,,,,,,
saucony-kinvara-14,Saucony Kinvara 14,Saucony,2023-03-25,77,120,none,true,5,1,,,26.2,30.3,4.1,2.4,79.4,24.8,26.3,6.1,15.3,28.6,86.9,1,3,,194,111.3,87.5,99.8,74,,7,3.9,,,,120,,2.93,,,,,9,0.4,,,56.14,62.76,120.65928231859,112.0736996649,,,,,,,,,,,
saucony-kinvara-15,Saucony Kinvara 15,Saucony,2024-01-01,82,120,none,true,5,1,5,0.86,23.5,27.9,4.4,3,79.1,23.8,28.3,18.9,13.5,18.8,39.3,2,2,,194,113,88.9,100,77.1,268,4.2,8,,,,120,,2.48,96.2,71.2,31.4,,9.1,0.41,,,57.18,60.79,116.55011655012,106.61208128105,43.5,,,,,,,,,,
saucony-kinvara-16,Saucony Kinvara 16,Saucony,2026-01-01,79,130,none,false,5,1,4,1.96,23.5,28,4.5,2.7,,27.5,31.3,13.6,,,,3,3,,207,113.8,86.5,,,265,4.6,4.9,,,,130,,2.85,94,70.8,28.9,,12,0.52,,,50.3,53.6,109.22992900055,99.690958030107,,,,,9.3,,,,,,
saucony-kinvara-pro,Saucony Kinvara Pro,Saucony,2025-01-01,75,180,carbon,false,2,4,5,0.4,35.3,45.6,10.3,,50,24.1,26.8,11.2,,,,5,3,,281,119.5,99.5,,,,7,5.2,,29.5,,180,,2.84,93.5,69.3,28,,26.4,0.51,,,65.89,70.42,127.22970050129,115.26314576177,,,,,,,,,,,
saucony-omni-22,Saucony Omni 22,Saucony,2025-01-01,80,140,none,false,4,1,4,0.7,25.7,33,7.3,3.1,,24.6,29.6,20.3,,,,3,2,,285,126.7,91.3,,,,6.6,9.3,,,,140,,2.85,95.7,72.8,29.4,,9.7,0.44,,,59.6,65.3,115.55350127109,103.72368011617,,,,,,,,,,,
saucony-ride-17,Saucony Ride 17,Saucony,2024-01-01,88,140,none,true,2,3,4,0.26,26.6,35.1,8.5,3.4,86,19,22.9,20.4,29.4,30.3,3.1,3,3,,288,125.1,93.8,101.4,76.6,273.6,6.7,9,,,,140,,2.93,96.9,71.4,29.1,,13.6,0.4,,,,,122.34810482786,108.73701951829,,,,,,,,,,,
saucony-ride-18,Saucony Ride 18,Saucony,2025-01-01,86,140,none,true,5,2,5,0.7,26.6,35,8.4,3.4,85,26.1,31.4,20.3,25.4,27,6.1,2,2,,255,122.1,91.9,,,,7,8.5,,,,140,,2.96,94.4,73,32,,11,0.49,,,,,140.6351081484,116.41443538999,41.3,,,,,,,,,,
saucony-ride-19,Saucony Ride 19,Saucony,2026-01-11,88,145,none,false,5,3,4,0.6,30.2,38.7,8.5,3.5,,24,26.1,1.6,,,,4,5,,278,127.1,100.7,,,270,6.5,7.3,,,,145,,2.86,96.3,72.8,28.8,,19.1,0.52,,,66.7,70.7,131.57894736842,117.84115012963,37.1,37.7,,,13.5,,74,6,37,57,54
saucony-sinister,Saucony Sinister,Saucony,2023-04-05,75,150,none,false,4,1,4,1.25,17.4,25.2,7.8,2.5,81.4,22.9,23.6,3.1,10.1,10.3,1.5,1,1,,149,100.5,76.5,93.9,78.1,264.9,5.3,2.1,,,,150,,2.5,,,,,,,,,,,,,,,,,,,,,,,
saucony-tempus,Saucony Tempus,Saucony,2022-06-28,89,160,none,true,5,,,,25.4,33.9,8.5,3,89.5,18.4,21.1,14.9,32.9,40.5,23.3,3,4,,266,117.4,94.5,97.4,,,4.3,1.2,,,,160,,2.44,,,,,14.6,,,,66.91,70.88,124.25756107259,106.57345042203,,,,,,,,,,,
saucony-tempus-2,Saucony Tempus 2,Saucony,2024-10-01,93,160,none,false,2,2,2,0.44,26.7,36.8,10.1,3.7,,18.6,20.4,9.7,,,,4,5,,264,119.1,94.5,,,268.9,4.4,5,,35,,160,,2.63,92.5,70.8,31.9,,15.1,0.63,,,69.9,72.2,122.81994595922,108.03802938634,42.3,,48.5,,13.7,,,,,,
saucony-triumph-20,Saucony Triumph 20,Saucony,2022-08-01,78,160,none,true,5,,,,25,35.4,10.4,3.5,82.5,18.8,23.8,26.9,27.7,35.5,28.2,2,3,,282,112.3,87,95.6,,,6.5,7.9,,,,160,,2.6,,,,,,,,,,,,,,,,,,,,,,,
saucony-triumph-21,Saucony Triumph 21,Saucony,2023-01-01,81,160,none,true,4,3,3,0.71,28.6,39.1,10.5,2.9,80.4,16.8,21.6,28.6,22,25.8,17.4,4,4,,282,118.1,91.3,102.1,81.6,269.8,6.7,7.6,,,,160,,2.9,,,,,11.5,0.43,,,,,133.62374226653,108.66494251625,,,,,,,,,,,
saucony-triumph-22,Saucony Triumph 22,Saucony,2024-01-01,84,160,none,true,3,4,5,0.9,28.9,38.6,9.7,3,82.4,18.3,21.88,19.9,29.7,34.4,16,3,4,,286,120.1,98.2,102.3,79.8,274.8,7.1,8.5,,,,160,,3.1,97.5,73.6,26.5,,16.1,0.43,,,60.94,61.6,140.33315090024,121.46388271447,41.7,,,,,,,,,,
saucony-triumph-23,Saucony Triumph 23,Saucony,2025-01-01,88,170,none,false,3,3,4,0.67,32.3,42.3,10,3.3,,25.5,27.5,7.8,,,,3,5,,272,124,98.9,,,,6.3,8.8,,,,170,,2.76,93.8,71.4,26.8,,17.5,0.62,,,67.6,71.2,149.40983116689,136.42564802183,42.8,,,,11.9,,80,5,32,63,59
skechers-aero-burst,Skechers Aero Burst,Skechers,2025-01-01,83,150,none,false,3,3,4,0.8,32.9,41.7,8.8,3.9,,14.4,18.5,28.7,,,,5,4,,322,117,85.6,,,,6.2,8,,,,150,,3.07,94.4,70.7,23,,15.3,0.48,,,60.3,64.9,144.61315979754,119.63153487259,34.9,,,,19.3,,,,,,
skechers-aero-razor,Skechers Aero Razor,Skechers,2026-01-01,88,140,plated-other,false,4,1,2,0.95,27.3,37.1,9.8,2.8,,,,6.6,,,,,3,,190,116,91.6,,,266.6,3.6,5.2,,,,140,,2.81,94.5,71.1,25.4,,14.9,0.62,,,67.6,71.1,135.06212857915,113.92116655275,45.5,48.5,,,10.3,,80,,,,56
skechers-aero-tempo,Skechers Aero Tempo,Skechers,2025-05-01,85,160,carbon,false,5,2,4,0.99,27.1,35.5,8.4,3.4,,24,27,12.5,,,,4,2,,242,104.4,81,,,258.4,8.8,1.7,,22,,160,,,92.1,70.1,22.8,,24.8,0.55,,,57.9,66.4,134.33637829124,110.43622308117,,,,,15.5,,,,,,
skechers-go-run-max-road-6,Skechers GO RUN Max Road 6,Skechers,2024-01-01,75,145,carbon,false,4,2,5,0.73,31.6,39.7,8.1,2.9,75.3,19.8,29,46.8,29.3,40,36.4,3,3,,319,113.8,93.8,100.7,77.2,274,5.3,8,,,,145,,2.78,95.9,70.3,27.6,,,,,,,,,,,,,,,,,,,,
skechers-go-run-ride-11,Skechers GO RUN Ride 11,Skechers,2024-01-01,79,125,none,false,4,2,1,0.38,27.6,34.1,6.5,2.9,76.9,19,23.8,25,25.8,35.2,36.1,4,3,,285,110.9,92.4,96.4,77.4,,5.2,8.5,,,,125,,2.82,,,,,12.5,0.3,,,55.55,56.94,131.44058885384,106.27331370819,,,,,,,,,,,
skechers-max-cushioning-elite-2-0,Skechers Max Cushioning Elite 2.0,Skechers,2024-01-01,77,100,none,false,2,3,3,1.32,27.6,36.4,8.8,3.5,85.5,23.5,31,31.9,21,27.1,29,4,3,,269,109.6,96.9,95.3,76.3,270,4.6,4.6,,,,100,,3.02,,,,,11.8,0.38,,,52.49,53.64,124.08179471908,100.11312783445,,,,,,,,,,,
topo-athletic-atmos,Topo Atmos,Topo Athletic,2025-01-01,82,160,none,false,3,2,5,0.83,32.5,37.8,5.3,3.4,76.5,20,25.7,28.3,29.6,35.1,18.6,5,4,,275,119.1,96.8,,,,4.1,6.5,,,,160,,2.93,98.5,85,29.8,,15.1,0.39,,,48.32,49.97,130.24225058609,121.56724492153,40,,,,,,,,,,
topo-athletic-cyclone-2,Topo Cyclone 2,Topo Athletic,2025-01-01,81,150,none,false,5,1,4,0.93,22,26.2,4.2,2.2,70,22.6,29,28.3,13.6,16.8,23.5,2,2,,190,111.6,86,,,,4.2,6.7,,,,150,,3.17,98.3,83.5,28.5,,5.9,0.48,,,66.16,65.98,117.11933288828,83.863068381946,,,,,,,,,,,
topo-athletic-phantom-3,Topo Phantom 3,Topo Athletic,2025-01-01,80,145,none,true,3,2,5,0.99,26.8,32.6,5.8,3.7,83.6,19.7,28.3,43.4,22.6,33.6,48.7,4,4,,269,113.3,86.4,,,,4.4,5.9,,24.7,,145,,2.79,96.5,82.1,29.2,,12.2,0.43,,,48.43,53,112.96116395183,96.076246108912,,,,,,,,,,,
topo-athletic-specter-2,Topo Specter 2,Topo Athletic,2026-01-01,87,165,none,false,4,3,2,0.73,29.2,36,6.8,2.8,,26,28.9,11.1,,,,4,2,,238,110.5,86.5,,,265.6,4.2,4,,,,165,,2.47,97.6,80.2,31.8,,18.5,0.6,,,64.4,66,136.68671405139,101.69836265636,,,,,15.7,,,,,,
topo-phantom-4,Topo Phantom 4,Topo Athletic,2026-01-01,85,150,none,false,2,3,1,0.78,27.6,34.6,7,3.5,,,,11.7,,,,3,2,,258,109.8,87.1,,,266.5,4.1,6.4,,,,150,,2.52,96.7,80.4,31.1,,12.9,0.5,,,49.4,53.3,138.63856924997,111.91941801903,33.2,37.1,,,11.1,,,,,,
topo-st-5,Topo ST-5,Topo Athletic,2025-01-01,78,115,none,false,4,4,4,0.73,13.9,13.7,-0.2,3.95,,25.1,33.4,33.1,,,,1,1,,193,114.2,82.4,,,,3.9,3.3,,,,115,,2.45,97.1,79,30.2,,3.9,0.52,,,45.6,46.2,49.773530436514,39.391790750808,,,,,,,,,,,
topo-ultrafly-5,Topo Ultrafly 5,Topo Athletic,2026-01-01,82,140,none,false,3,3,2,0.77,25.2,30.2,5,3,,18.1,19.5,7.7,,,,3,3,,272,114.6,87.9,,,265.3,4.1,6.3,,,,140,,2.65,98.8,81.2,30.1,,9.7,0.66,,,54.6,48.6,111.43302874972,95.675468809797,,,,,11.4,,,,,,
tyr-maverick-v-1-runner,TYR Maverick V1 Runner,TYR,2025-01-01,71,150,none,false,5,2,3,1.1,28.3,39.8,11.5,2.9,,19.1,23.5,22.8,,,,3,3,,215,120.1,91.9,,,,4.2,3.1,,,,150,,,98.2,76.4,24.5,,13.4,0.47,,,53.8,60.5,161.55088852989,119.97600479904,,,,,,,,,,,
under-armour-charged-assert-10,Under Armour Charged Assert 10,Under Armour,2023-01-01,72,75,none,false,4,1,1,,22.6,32,9.4,5.3,87.8,31.1,38.4,23.3,17.4,35,100.9,3,3,,298,115.7,91.3,99.2,77.1,,4.2,8.5,,,,75,,2.5,,,,,14.5,0.26,,,39.29,38.48,103.84970870157,85.98748022288,,,,,,,,,,,
under-armour-charged-assert-9,Under Armour Charged Assert 9,Under Armour,2023-01-01,65,70,none,true,3,1,1,,23.1,34,10.9,4.9,86,27.8,34.5,24.3,17.7,32.4,82.6,2,2,,290,111.3,90.5,99.4,74.7,,4.4,7.1,,,,70,,2.75,,,,,,,,,,,,,,,,,,,,,,,
under-armour-charged-pursuit-3,Under Armour Charged Pursuit 3,Under Armour,2024-01-01,67,70,none,false,3,2,1,1.02,21.2,30.8,9.6,4,84.3,29.5,40,35.6,15.9,20.2,27,3,3,,264,110.3,89,100.9,79.8,268,5.3,9.6,,,,70,,2.46,,,,,,,,,,,,,,,,,,,,,,,
under-armour-hovr-phantom-3,Under Armour HOVR Phantom 3,Under Armour,2023-01-01,73,140,none,false,1,5,3,,20.1,32.8,12.7,4.3,86.8,20.1,25.5,26.7,18.1,29.3,61.9,4,4,,338,114.9,98.9,99.7,76.7,,7.1,3,,,,140,,2.44,,,,,12.2,0.44,,,48.34,45.99,102.85737795972,69.279424703657,,,,,,,,,,,
under-armour-hovr-sonic-6,Under Armour HOVR Sonic 6,Under Armour,2025-01-01,80,100,none,false,2,3,2,0.53,23.2,30.2,7,4.5,89,27,29.1,7.9,19.6,24.3,24.3,4,3,,286,107,86.7,,,,3.6,9.8,,30,,100,,2.21,94.2,71.1,27.2,,8.6,0.34,,,57.68,59.49,102.57041458962,86.656614499385,,,,,,,,,,,
under-armour-infinite-elite,Under Armour Infinite Elite,Under Armour,2025-01-01,82,160,none,true,2,4,3,0.93,31.8,39.9,8.1,3.7,77.5,19.3,23.8,23.4,31.6,34.1,8,4,4,,315,118.6,103.8,,,,4.5,9.3,,,,160,,3.08,96.3,72.5,27.7,,20.5,0.4,,,62.61,62.3,136.26205919224,121.60124519675,,,,,,,,,,,
under-armour-infinite-elite-2,Under Armour Infinite Elite 2,Under Armour,2025-01-01,80,160,none,false,4,3,4,0.7,33.1,40.1,7,4,,18.5,21.8,17.8,,,,4,3,,288,119,103.9,,,,4.2,5.1,,,,160,,2.17,95,71.9,27.9,,17.8,0.47,,,72.6,74.8,143.94702749388,121.10936175366,35,,,,15.1,,,,,,
under-armour-infinite-pro,Under Armour Infinite Pro,Under Armour,2025-01-01,81,130,none,false,4,2,2,0.97,33,41.3,8.3,4,,18.8,22,17.3,,,,5,4,,305,113.3,97.8,,,,4.5,9.1,,27.4,,130,,,93.6,72.4,23.7,,20.5,0.48,,,53.3,58.7,122.92562999385,115.79434923576,,,,,18.1,,,,,,
under-armour-slipspeed-mega,Under Armour SlipSpeed Mega,Under Armour,2025-01-01,67,140,none,false,1,5,1,7,28.8,40.7,11.9,,60,24.2,26.7,10.3,34.7,48.9,40.9,5,1,,332,117.5,95,,,,4.4,6,,,,140,,2.93,92.9,71.7,25,,17.7,0.34,,,52.16,51.95,118.13767764953,105.37407797682,,,,,,,,,,,
under-armour-surge-4,Under Armour Surge 4,Under Armour,2025-01-01,74,65,none,false,3,2,3,0.9,24.5,33.5,9,4.5,,26,29,11.5,,,,4,3,,295,116.3,94.8,,,,3.9,7.8,,,,65,,2.54,98.5,73.2,24.5,,15.4,0.53,,,42.4,39.2,113.80448389667,83.507306889353,,,,,16.2,,,,,,
under-armour-velociti-elite-2,Under Armour Velociti Elite 2,Under Armour,2025-01-01,83,250,carbon,false,5,3,2,6.2,31.9,37.9,6,,48,21.5,23.4,8.8,65,67.3,3.5,5,1,,257,114.5,73.5,,,,2,4.4,,23,,250,,2.85,94.9,74,24.9,,19.8,0.47,,,72.31,73.27,133.31378064551,119.14406900824,,,,,,,,,,,
vibram-five-fingers-v-run,Vibram FiveFingers V-Run,Vibram FiveFingers,2026-01-01,74,140,none,false,5,5,4,0.66,7.9,7.8,-0.1,2.6,,,,11.3,,,,,1,,130,102.5,67.1,,,256,,2.2,,,,140,,,,,,,0.8,,,,46.8,47,26.117161586879,25.97132765427,61.1,68,,,3.4,,,,,,
xero-shoes-hfs-ii,Xero Shoes HFS II,Xero Shoes,2024-01-01,72,120,none,false,5,3,1,1.27,12.1,13.1,1,4.5,92.5,49,59.5,21.4,10.5,12.3,17.7,2,3,,244,106.6,79.9,98,86.7,265.7,3.7,5.8,,,,120,,2.75,,,,,,,,,,,,,,,,,,,,,,,
xero-shoes-prio,Xero Shoes Prio,Xero Shoes,2025-01-01,72,90,none,false,2,4,1,1.04,11.8,12.2,0.4,6.1,93,,,,,,,1,2,,279,105.6,78.3,,,,3.6,6.9,,,,90,,2.91,94.1,76.2,33.9,,4,0.27,,,52.18,52.16,25.391473035525,26.903851017235,,,,,,,,,,,
xero-shoes-speed-force-ii,Xero Shoes Speed Force II,Xero Shoes,2024-01-01,75,110,none,false,5,3,2,1.44,10.5,10.6,0.1,5,87.5,,,,3.3,4.2,27.4,1,1,,189,108.2,73,98.5,87.4,263.7,3.9,2.7,,,,110,,3,,,,,,,,,,,,,,,,,,,,,,,
